<maxbuttons><pack name="Notched Box Social Share" description="" author="" author_url="" /><maxbutton> <name>Notched Box Share - Facebook</name><status>publish</status><basic><![CDATA[{"name":"Notched Box Share - Facebook","status":"publish","description":"This button is able to display all social networks with name and share count( if available )","url":"","new_window":0,"nofollow":0}]]></basic><dimension><![CDATA[{"button_width":64,"button_height":32}]]></dimension><text><![CDATA[{"text":"{count}","font":"Trebuchet MS","font_size":16,"font_size_unit":"em","text_align":"center","font_style":"normal","font_weight":"normal","text_shadow_offset_left":0,"text_shadow_offset_top":0,"text_shadow_width":0,"padding_top":10,"padding_right":0,"padding_bottom":0,"padding_left":0,"text2":"","font2":"Arial","font_size2":16,"font_style2":"normal","font_weight2":"normal","padding_top2":0,"padding_right2":0,"padding_bottom2":10,"padding_left2":0,"text_align2":"center"}]]></text><color><![CDATA[{"text_color":"#000000","text_shadow_color":"#ffffff","gradient_start_color":"#ffffff","gradient_end_color":"#ffffff","border_color":"#000000","box_shadow_color":"#333333","text_color_hover":"#000000","text_shadow_color_hover":"#ffffff","gradient_start_color_hover":"#ffffff","gradient_end_color_hover":"#ffffff","border_color_hover":"#000000","box_shadow_color_hover":"#333333","icon_color":"#ffffff","icon_color_hover":"#ffffff"}]]></color><icon><![CDATA[{"use_fa_icon":0,"fa_icon_value":"","fa_icon_size":30,"icon_url":"Facebook.png","icon_alt":"","icon_position":"left","icon_padding_top":0,"icon_padding_right":0,"icon_padding_bottom":0,"icon_padding_left":0}]]></icon><border><![CDATA[{"radius_top_left":0,"radius_top_right":0,"radius_bottom_left":0,"radius_bottom_right":0,"border_style":"solid","border_width":0,"box_shadow_offset_left":0,"box_shadow_offset_top":0,"box_shadow_width":0}]]></border><gradient><![CDATA[{"gradient_stop":"45","gradient_start_opacity":"100","gradient_end_opacity":"100","gradient_start_opacity_hover":"100","gradient_end_opacity_hover":"100"}]]></gradient><container><![CDATA[{"container_enabled":"0","container_center_div_wrap":"0","container_width":0,"container_margin_top":0,"container_margin_right":0,"container_margin_bottom":0,"container_margin_left":0,"container_alignment":""}]]></container><advanced><![CDATA[{"important_css":"0","external_css":"0"}]]></advanced><google><![CDATA[{"gtrack_enable":"0","gtrack_cat":"MaxButtons","gtrack_action":"click","gtrack_label":"Facebook","gtrack_value":"0","gtrack_interaction":"1"}]]></google><responsive><![CDATA[{"media_query":[],"auto_responsive":0}]]></responsive><collection><social><network>facebook</network><display_count>1</display_count><count_threshold>0</count_threshold><share_url_setting>auto</share_url_setting><share_url_custom>www.maxfoundry.com</share_url_custom><blog_url></blog_url></social></collection></maxbutton><maxbutton> <name>Notched Box Share - Twitter</name><status>publish</status><basic><![CDATA[{"name":"Notched Box Share - Twitter","status":"publish","description":"Twitter Social Share with Count","url":"","new_window":0,"nofollow":0}]]></basic><dimension><![CDATA[{"button_width":64,"button_height":32}]]></dimension><text><![CDATA[{"text":"{count}","font":"Trebuchet MS","font_size":16,"font_size_unit":"em","text_align":"center","font_style":"normal","font_weight":"normal","text_shadow_offset_left":0,"text_shadow_offset_top":0,"text_shadow_width":0,"padding_top":10,"padding_right":0,"padding_bottom":0,"padding_left":0,"text2":"","font2":"Arial","font_size2":16,"font_style2":"normal","font_weight2":"normal","padding_top2":0,"padding_right2":0,"padding_bottom2":10,"padding_left2":0,"text_align2":"center"}]]></text><color><![CDATA[{"text_color":"#000000","text_shadow_color":"#ffffff","gradient_start_color":"#ffffff","gradient_end_color":"#ffffff","border_color":"#000000","box_shadow_color":"#333333","text_color_hover":"#000000","text_shadow_color_hover":"#ffffff","gradient_start_color_hover":"#ffffff","gradient_end_color_hover":"#ffffff","border_color_hover":"#000000","box_shadow_color_hover":"#333333","icon_color":"#ffffff","icon_color_hover":"#ffffff"}]]></color><icon><![CDATA[{"use_fa_icon":0,"fa_icon_value":"","fa_icon_size":30,"icon_url":"Twitter.png","icon_alt":"","icon_position":"left","icon_padding_top":0,"icon_padding_right":0,"icon_padding_bottom":0,"icon_padding_left":0}]]></icon><border><![CDATA[{"radius_top_left":0,"radius_top_right":0,"radius_bottom_left":0,"radius_bottom_right":0,"border_style":"solid","border_width":0,"box_shadow_offset_left":0,"box_shadow_offset_top":0,"box_shadow_width":0}]]></border><gradient><![CDATA[{"gradient_stop":"45","gradient_start_opacity":"100","gradient_end_opacity":"100","gradient_start_opacity_hover":"100","gradient_end_opacity_hover":"100"}]]></gradient><container><![CDATA[{"container_enabled":"0","container_center_div_wrap":"0","container_width":0,"container_margin_top":0,"container_margin_right":0,"container_margin_bottom":0,"container_margin_left":0,"container_alignment":""}]]></container><advanced><![CDATA[{"important_css":"0","external_css":"0"}]]></advanced><google><![CDATA[{"gtrack_enable":"0","gtrack_cat":"MaxButtons","gtrack_action":"click","gtrack_label":"Twitter","gtrack_value":"0","gtrack_interaction":"1"}]]></google><responsive><![CDATA[{"media_query":[],"auto_responsive":0}]]></responsive><collection><social><network>twitter</network><display_count>1</display_count><count_threshold>0</count_threshold><share_url_setting>auto</share_url_setting><share_url_custom>http://www.google.com</share_url_custom><blog_url></blog_url></social></collection></maxbutton><maxbutton> <name>Notched Box Share - Google Plus</name><status>publish</status><basic><![CDATA[{"name":"Notched Box Share - Google Plus","status":"publish","description":"Social Share with Count","url":"","new_window":0,"nofollow":0}]]></basic><dimension><![CDATA[{"button_width":64,"button_height":32}]]></dimension><text><![CDATA[{"text":"{count}","font":"Trebuchet MS","font_size":16,"font_size_unit":"em","text_align":"center","font_style":"normal","font_weight":"normal","text_shadow_offset_left":0,"text_shadow_offset_top":0,"text_shadow_width":0,"padding_top":10,"padding_right":0,"padding_bottom":0,"padding_left":0,"text2":"","font2":"Arial","font_size2":16,"font_style2":"normal","font_weight2":"normal","padding_top2":0,"padding_right2":0,"padding_bottom2":10,"padding_left2":0,"text_align2":"center"}]]></text><color><![CDATA[{"text_color":"#000000","text_shadow_color":"#ffffff","gradient_start_color":"#ffffff","gradient_end_color":"#ffffff","border_color":"#000000","box_shadow_color":"#333333","text_color_hover":"#000000","text_shadow_color_hover":"#ffffff","gradient_start_color_hover":"#ffffff","gradient_end_color_hover":"#ffffff","border_color_hover":"#000000","box_shadow_color_hover":"#333333","icon_color":"#ffffff","icon_color_hover":"#ffffff"}]]></color><icon><![CDATA[{"use_fa_icon":0,"fa_icon_value":"","fa_icon_size":30,"icon_url":"GooglePlus.png","icon_alt":"","icon_position":"left","icon_padding_top":0,"icon_padding_right":0,"icon_padding_bottom":0,"icon_padding_left":0}]]></icon><border><![CDATA[{"radius_top_left":0,"radius_top_right":0,"radius_bottom_left":0,"radius_bottom_right":0,"border_style":"solid","border_width":0,"box_shadow_offset_left":0,"box_shadow_offset_top":0,"box_shadow_width":0}]]></border><gradient><![CDATA[{"gradient_stop":"45","gradient_start_opacity":"100","gradient_end_opacity":"100","gradient_start_opacity_hover":"100","gradient_end_opacity_hover":"100"}]]></gradient><container><![CDATA[{"container_enabled":"0","container_center_div_wrap":"0","container_width":0,"container_margin_top":0,"container_margin_right":0,"container_margin_bottom":0,"container_margin_left":0,"container_alignment":""}]]></container><advanced><![CDATA[{"important_css":"0","external_css":"0"}]]></advanced><google><![CDATA[{"gtrack_enable":"0","gtrack_cat":"MaxButtons","gtrack_action":"click","gtrack_label":"Google Plus","gtrack_value":"0","gtrack_interaction":"1"}]]></google><responsive><![CDATA[{"media_query":[],"auto_responsive":0}]]></responsive><collection><social><network>google-plus</network><display_count>1</display_count><count_threshold>0</count_threshold><share_url_setting>auto</share_url_setting><share_url_custom></share_url_custom><blog_url></blog_url></social></collection></maxbutton><maxbutton> <name>Notched Box Share - Email</name><status>publish</status><basic><![CDATA[{"name":"Notched Box Share - Email","status":"publish","description":"Social Share with Count","url":"","new_window":0,"nofollow":0}]]></basic><dimension><![CDATA[{"button_width":64,"button_height":32}]]></dimension><text><![CDATA[{"text":"{count}","font":"Trebuchet MS","font_size":16,"font_size_unit":"em","text_align":"center","font_style":"normal","font_weight":"normal","text_shadow_offset_left":0,"text_shadow_offset_top":0,"text_shadow_width":0,"padding_top":10,"padding_right":0,"padding_bottom":0,"padding_left":0,"text2":"","font2":"Arial","font_size2":16,"font_style2":"normal","font_weight2":"normal","padding_top2":0,"padding_right2":0,"padding_bottom2":10,"padding_left2":0,"text_align2":"center"}]]></text><color><![CDATA[{"text_color":"#000000","text_shadow_color":"#ffffff","gradient_start_color":"#ffffff","gradient_end_color":"#ffffff","border_color":"#000000","box_shadow_color":"#333333","text_color_hover":"#000000","text_shadow_color_hover":"#ffffff","gradient_start_color_hover":"#ffffff","gradient_end_color_hover":"#ffffff","border_color_hover":"#000000","box_shadow_color_hover":"#333333","icon_color":"#ffffff","icon_color_hover":"#ffffff"}]]></color><icon><![CDATA[{"use_fa_icon":0,"fa_icon_value":"","fa_icon_size":30,"icon_url":"Email.png","icon_alt":"","icon_position":"left","icon_padding_top":0,"icon_padding_right":0,"icon_padding_bottom":0,"icon_padding_left":0}]]></icon><border><![CDATA[{"radius_top_left":0,"radius_top_right":0,"radius_bottom_left":0,"radius_bottom_right":0,"border_style":"solid","border_width":0,"box_shadow_offset_left":0,"box_shadow_offset_top":0,"box_shadow_width":0}]]></border><gradient><![CDATA[{"gradient_stop":"45","gradient_start_opacity":"100","gradient_end_opacity":"100","gradient_start_opacity_hover":"100","gradient_end_opacity_hover":"100"}]]></gradient><container><![CDATA[{"container_enabled":"0","container_center_div_wrap":"0","container_width":0,"container_margin_top":0,"container_margin_right":0,"container_margin_bottom":0,"container_margin_left":0,"container_alignment":""}]]></container><advanced><![CDATA[{"important_css":"0","external_css":"0"}]]></advanced><google><![CDATA[{"gtrack_enable":"0","gtrack_cat":"MaxButtons","gtrack_action":"click","gtrack_label":"Email","gtrack_value":"0","gtrack_interaction":"1"}]]></google><responsive><![CDATA[{"media_query":[],"auto_responsive":0}]]></responsive><collection><social><network>email</network><display_count>0</display_count><count_threshold>4</count_threshold><share_url_setting>auto</share_url_setting><share_url_custom></share_url_custom><blog_url></blog_url></social></collection></maxbutton><maxbutton> <name>Notched Box Share - Pinterest</name><status>publish</status><basic><![CDATA[{"name":"Notched Box Share - Pinterest","status":"publish","description":"Social Share with Count","url":"","new_window":0,"nofollow":0}]]></basic><dimension><![CDATA[{"button_width":64,"button_height":32}]]></dimension><text><![CDATA[{"text":"{count}","font":"Trebuchet MS","font_size":16,"font_size_unit":"em","text_align":"center","font_style":"normal","font_weight":"normal","text_shadow_offset_left":0,"text_shadow_offset_top":0,"text_shadow_width":0,"padding_top":10,"padding_right":0,"padding_bottom":0,"padding_left":0,"text2":"","font2":"Arial","font_size2":16,"font_style2":"normal","font_weight2":"normal","padding_top2":0,"padding_right2":0,"padding_bottom2":10,"padding_left2":0,"text_align2":"center"}]]></text><color><![CDATA[{"text_color":"#000000","text_shadow_color":"#ffffff","gradient_start_color":"#ffffff","gradient_end_color":"#ffffff","border_color":"#000000","box_shadow_color":"#333333","text_color_hover":"#000000","text_shadow_color_hover":"#ffffff","gradient_start_color_hover":"#ffffff","gradient_end_color_hover":"#ffffff","border_color_hover":"#000000","box_shadow_color_hover":"#333333","icon_color":"#ffffff","icon_color_hover":"#ffffff"}]]></color><icon><![CDATA[{"use_fa_icon":0,"fa_icon_value":"","fa_icon_size":30,"icon_url":"Pinterest.png","icon_alt":"","icon_position":"left","icon_padding_top":0,"icon_padding_right":0,"icon_padding_bottom":0,"icon_padding_left":0}]]></icon><border><![CDATA[{"radius_top_left":0,"radius_top_right":0,"radius_bottom_left":0,"radius_bottom_right":0,"border_style":"solid","border_width":0,"box_shadow_offset_left":0,"box_shadow_offset_top":0,"box_shadow_width":0}]]></border><gradient><![CDATA[{"gradient_stop":"45","gradient_start_opacity":"100","gradient_end_opacity":"100","gradient_start_opacity_hover":"100","gradient_end_opacity_hover":"100"}]]></gradient><container><![CDATA[{"container_enabled":"0","container_center_div_wrap":"0","container_width":0,"container_margin_top":0,"container_margin_right":0,"container_margin_bottom":0,"container_margin_left":0,"container_alignment":""}]]></container><advanced><![CDATA[{"important_css":"0","external_css":"0"}]]></advanced><google><![CDATA[{"gtrack_enable":"0","gtrack_cat":"MaxButtons","gtrack_action":"click","gtrack_label":"Pinterest","gtrack_value":"0","gtrack_interaction":"1"}]]></google><responsive><![CDATA[{"media_query":[],"auto_responsive":0}]]></responsive><collection><social><network>pinterest</network><display_count>1</display_count><count_threshold>4</count_threshold><share_url_setting>auto</share_url_setting><share_url_custom></share_url_custom><blog_url></blog_url></social></collection></maxbutton><maxbutton> <name>Notched Box Share - Stumble</name><status>publish</status><basic><![CDATA[{"name":"Notched Box Share - Stumble","status":"publish","description":"Social Share with Count","url":"","new_window":0,"nofollow":0}]]></basic><dimension><![CDATA[{"button_width":64,"button_height":32}]]></dimension><text><![CDATA[{"text":"{count}","font":"Trebuchet MS","font_size":16,"font_size_unit":"em","text_align":"center","font_style":"normal","font_weight":"normal","text_shadow_offset_left":0,"text_shadow_offset_top":0,"text_shadow_width":0,"padding_top":10,"padding_right":0,"padding_bottom":0,"padding_left":0,"text2":"","font2":"Arial","font_size2":16,"font_style2":"normal","font_weight2":"normal","padding_top2":0,"padding_right2":0,"padding_bottom2":10,"padding_left2":0,"text_align2":"center"}]]></text><color><![CDATA[{"text_color":"#000000","text_shadow_color":"#ffffff","gradient_start_color":"#ffffff","gradient_end_color":"#ffffff","border_color":"#000000","box_shadow_color":"#333333","text_color_hover":"#000000","text_shadow_color_hover":"#ffffff","gradient_start_color_hover":"#ffffff","gradient_end_color_hover":"#ffffff","border_color_hover":"#000000","box_shadow_color_hover":"#333333","icon_color":"#ffffff","icon_color_hover":"#ffffff"}]]></color><icon><![CDATA[{"use_fa_icon":0,"fa_icon_value":"","fa_icon_size":30,"icon_url":"Stumble.png","icon_alt":"","icon_position":"left","icon_padding_top":0,"icon_padding_right":0,"icon_padding_bottom":0,"icon_padding_left":0}]]></icon><border><![CDATA[{"radius_top_left":0,"radius_top_right":0,"radius_bottom_left":0,"radius_bottom_right":0,"border_style":"solid","border_width":0,"box_shadow_offset_left":0,"box_shadow_offset_top":0,"box_shadow_width":0}]]></border><gradient><![CDATA[{"gradient_stop":"45","gradient_start_opacity":"100","gradient_end_opacity":"100","gradient_start_opacity_hover":"100","gradient_end_opacity_hover":"100"}]]></gradient><container><![CDATA[{"container_enabled":"0","container_center_div_wrap":"0","container_width":0,"container_margin_top":0,"container_margin_right":0,"container_margin_bottom":0,"container_margin_left":0,"container_alignment":""}]]></container><advanced><![CDATA[{"important_css":"0","external_css":"0"}]]></advanced><google><![CDATA[{"gtrack_enable":"0","gtrack_cat":"MaxButtons","gtrack_action":"click","gtrack_label":"StumbleUpon","gtrack_value":"0","gtrack_interaction":"1"}]]></google><responsive><![CDATA[{"media_query":[],"auto_responsive":0}]]></responsive><collection><social><network>stumbleupon</network><display_count>1</display_count><count_threshold>4</count_threshold><share_url_setting>auto</share_url_setting><share_url_custom></share_url_custom><blog_url></blog_url></social></collection></maxbutton><maxbutton> <name>Notched Box Share - LinkedIn</name><status>publish</status><basic><![CDATA[{"name":"Notched Box Share - LinkedIn","status":"publish","description":"Social Share with Count","url":"","new_window":0,"nofollow":0}]]></basic><dimension><![CDATA[{"button_width":64,"button_height":32}]]></dimension><text><![CDATA[{"text":"{count}","font":"Trebuchet MS","font_size":16,"font_size_unit":"em","text_align":"center","font_style":"normal","font_weight":"normal","text_shadow_offset_left":0,"text_shadow_offset_top":0,"text_shadow_width":0,"padding_top":10,"padding_right":0,"padding_bottom":0,"padding_left":0,"text2":"","font2":"Arial","font_size2":16,"font_style2":"normal","font_weight2":"normal","padding_top2":0,"padding_right2":0,"padding_bottom2":10,"padding_left2":0,"text_align2":"center"}]]></text><color><![CDATA[{"text_color":"#000000","text_shadow_color":"#ffffff","gradient_start_color":"#ffffff","gradient_end_color":"#ffffff","border_color":"#000000","box_shadow_color":"#333333","text_color_hover":"#000000","text_shadow_color_hover":"#ffffff","gradient_start_color_hover":"#ffffff","gradient_end_color_hover":"#ffffff","border_color_hover":"#000000","box_shadow_color_hover":"#333333","icon_color":"#ffffff","icon_color_hover":"#ffffff"}]]></color><icon><![CDATA[{"use_fa_icon":0,"fa_icon_value":"","fa_icon_size":30,"icon_url":"Linkedin.png","icon_alt":"","icon_position":"left","icon_padding_top":0,"icon_padding_right":0,"icon_padding_bottom":0,"icon_padding_left":0}]]></icon><border><![CDATA[{"radius_top_left":0,"radius_top_right":0,"radius_bottom_left":0,"radius_bottom_right":0,"border_style":"solid","border_width":0,"box_shadow_offset_left":0,"box_shadow_offset_top":0,"box_shadow_width":0}]]></border><gradient><![CDATA[{"gradient_stop":"45","gradient_start_opacity":"100","gradient_end_opacity":"100","gradient_start_opacity_hover":"100","gradient_end_opacity_hover":"100"}]]></gradient><container><![CDATA[{"container_enabled":"0","container_center_div_wrap":"0","container_width":0,"container_margin_top":0,"container_margin_right":0,"container_margin_bottom":0,"container_margin_left":0,"container_alignment":""}]]></container><advanced><![CDATA[{"important_css":"0","external_css":"0"}]]></advanced><google><![CDATA[{"gtrack_enable":"0","gtrack_cat":"MaxButtons","gtrack_action":"click","gtrack_label":"LinkedIn","gtrack_value":"0","gtrack_interaction":"1"}]]></google><responsive><![CDATA[{"media_query":[],"auto_responsive":0}]]></responsive><collection><social><network>linkedin</network><display_count>1</display_count><count_threshold>0</count_threshold><share_url_setting>auto</share_url_setting><share_url_custom></share_url_custom><blog_url></blog_url></social></collection></maxbutton><maxbutton> <name>Notched Box Share - Digg</name><status>publish</status><basic><![CDATA[{"name":"Notched Box Share - Digg","status":"publish","description":"Social Share with Count","url":"","new_window":0,"nofollow":0}]]></basic><dimension><![CDATA[{"button_width":64,"button_height":32}]]></dimension><text><![CDATA[{"text":"{count}","font":"Trebuchet MS","font_size":16,"font_size_unit":"em","text_align":"center","font_style":"normal","font_weight":"normal","text_shadow_offset_left":0,"text_shadow_offset_top":0,"text_shadow_width":0,"padding_top":10,"padding_right":0,"padding_bottom":0,"padding_left":0,"text2":"","font2":"Arial","font_size2":16,"font_style2":"normal","font_weight2":"normal","padding_top2":0,"padding_right2":0,"padding_bottom2":10,"padding_left2":0,"text_align2":"center"}]]></text><color><![CDATA[{"text_color":"#000000","text_shadow_color":"#ffffff","gradient_start_color":"#ffffff","gradient_end_color":"#ffffff","border_color":"#000000","box_shadow_color":"#333333","text_color_hover":"#000000","text_shadow_color_hover":"#ffffff","gradient_start_color_hover":"#ffffff","gradient_end_color_hover":"#ffffff","border_color_hover":"#000000","box_shadow_color_hover":"#333333","icon_color":"#ffffff","icon_color_hover":"#ffffff"}]]></color><icon><![CDATA[{"use_fa_icon":0,"fa_icon_value":"","fa_icon_size":30,"icon_url":"Digg.png","icon_alt":"","icon_position":"left","icon_padding_top":0,"icon_padding_right":0,"icon_padding_bottom":0,"icon_padding_left":0}]]></icon><border><![CDATA[{"radius_top_left":0,"radius_top_right":0,"radius_bottom_left":0,"radius_bottom_right":0,"border_style":"solid","border_width":0,"box_shadow_offset_left":0,"box_shadow_offset_top":0,"box_shadow_width":0}]]></border><gradient><![CDATA[{"gradient_stop":"45","gradient_start_opacity":"100","gradient_end_opacity":"100","gradient_start_opacity_hover":"100","gradient_end_opacity_hover":"100"}]]></gradient><container><![CDATA[{"container_enabled":"0","container_center_div_wrap":"0","container_width":0,"container_margin_top":0,"container_margin_right":0,"container_margin_bottom":0,"container_margin_left":0,"container_alignment":""}]]></container><advanced><![CDATA[{"important_css":"0","external_css":"0"}]]></advanced><google><![CDATA[{"gtrack_enable":"0","gtrack_cat":"MaxButtons","gtrack_action":"click","gtrack_label":"Digg","gtrack_value":"0","gtrack_interaction":"1"}]]></google><responsive><![CDATA[{"media_query":[],"auto_responsive":0}]]></responsive><collection><social><network>digg</network><display_count>0</display_count><count_threshold>4</count_threshold><share_url_setting>auto</share_url_setting><share_url_custom></share_url_custom><blog_url></blog_url></social></collection></maxbutton><maxbutton> <name>Notched Box Share - Reddit</name><status>publish</status><basic><![CDATA[{"name":"Notched Box Share - Reddit","status":"publish","description":"Social Share with Count","url":"","new_window":0,"nofollow":0}]]></basic><dimension><![CDATA[{"button_width":64,"button_height":32}]]></dimension><text><![CDATA[{"text":"{count}","font":"Trebuchet MS","font_size":16,"font_size_unit":"em","text_align":"center","font_style":"normal","font_weight":"normal","text_shadow_offset_left":0,"text_shadow_offset_top":0,"text_shadow_width":0,"padding_top":10,"padding_right":0,"padding_bottom":0,"padding_left":0,"text2":"","font2":"Arial","font_size2":16,"font_style2":"normal","font_weight2":"normal","padding_top2":0,"padding_right2":0,"padding_bottom2":10,"padding_left2":0,"text_align2":"center"}]]></text><color><![CDATA[{"text_color":"#000000","text_shadow_color":"#ffffff","gradient_start_color":"#ffffff","gradient_end_color":"#ffffff","border_color":"#000000","box_shadow_color":"#333333","text_color_hover":"#000000","text_shadow_color_hover":"#ffffff","gradient_start_color_hover":"#ffffff","gradient_end_color_hover":"#ffffff","border_color_hover":"#000000","box_shadow_color_hover":"#333333","icon_color":"#ffffff","icon_color_hover":"#ffffff"}]]></color><icon><![CDATA[{"use_fa_icon":0,"fa_icon_value":"","fa_icon_size":30,"icon_url":"Reddit.png","icon_alt":"","icon_position":"left","icon_padding_top":0,"icon_padding_right":0,"icon_padding_bottom":0,"icon_padding_left":0}]]></icon><border><![CDATA[{"radius_top_left":0,"radius_top_right":0,"radius_bottom_left":0,"radius_bottom_right":0,"border_style":"solid","border_width":0,"box_shadow_offset_left":0,"box_shadow_offset_top":0,"box_shadow_width":0}]]></border><gradient><![CDATA[{"gradient_stop":"45","gradient_start_opacity":"100","gradient_end_opacity":"100","gradient_start_opacity_hover":"100","gradient_end_opacity_hover":"100"}]]></gradient><container><![CDATA[{"container_enabled":"0","container_center_div_wrap":"0","container_width":0,"container_margin_top":0,"container_margin_right":0,"container_margin_bottom":0,"container_margin_left":0,"container_alignment":""}]]></container><advanced><![CDATA[{"important_css":"0","external_css":"0"}]]></advanced><google><![CDATA[{"gtrack_enable":"0","gtrack_cat":"MaxButtons","gtrack_action":"click","gtrack_label":"Reddit","gtrack_value":"0","gtrack_interaction":"1"}]]></google><responsive><![CDATA[{"media_query":[],"auto_responsive":0}]]></responsive><collection><social><network>reddit</network><display_count>1</display_count><count_threshold>0</count_threshold><share_url_setting>auto</share_url_setting><share_url_custom></share_url_custom><blog_url></blog_url></social></collection></maxbutton></maxbuttons>