<maxbuttons><pack name="Modern Social Share" description="" author="" author_url="" /><maxbutton> <name>Modern Social Share - Facebook</name><status>publish</status><basic><![CDATA[{"name":"Modern Social Share - Facebook","status":"publish","description":"","url":"","new_window":0,"nofollow":0}]]></basic><dimension><![CDATA[{"button_width":140,"button_height":40}]]></dimension><text><![CDATA[{"text":"{c}","font":"Trebuchet MS","font_size":15,"text_align":"right","font_style":"normal","font_weight":"bold","text_shadow_offset_left":-1,"text_shadow_offset_top":-1,"text_shadow_width":0,"padding_top":12,"padding_right":10,"padding_bottom":15,"padding_left":25,"text2":"","font2":"Arial","font_size2":16,"font_style2":"normal","font_weight2":"normal","padding_top2":15,"padding_right2":25,"padding_bottom2":15,"padding_left2":25,"text_align2":""}]]></text><color><![CDATA[{"text_color":"#6e656e","text_shadow_color":"#ffffff","gradient_start_color":"#ffffff","gradient_end_color":"#ffffff","border_color":"#a19da1","box_shadow_color":"#ffffff","text_color_hover":"#6e656e","text_shadow_color_hover":"#ffffff","gradient_start_color_hover":"#ffffff","gradient_end_color_hover":"#ffffff","border_color_hover":"#a19da1","box_shadow_color_hover":"#ffffff","icon_color":"#ffffff","icon_color_hover":"#ffffff"}]]></color><icon><![CDATA[{"use_fa_icon":0,"fa_icon_value":"","fa_icon_size":30,"icon_url":"Facebook4.jpg","icon_alt":"","icon_position":"left","icon_padding_top":0,"icon_padding_right":0,"icon_padding_bottom":0,"icon_padding_left":0}]]></icon><border><![CDATA[{"radius_top_left":4,"radius_top_right":4,"radius_bottom_left":4,"radius_bottom_right":4,"border_style":"solid","border_width":1,"box_shadow_offset_left":0,"box_shadow_offset_top":0,"box_shadow_width":2}]]></border><gradient><![CDATA[{"gradient_stop":"45","gradient_start_opacity":"100","gradient_end_opacity":"100","gradient_start_opacity_hover":"100","gradient_end_opacity_hover":"100"}]]></gradient><container><![CDATA[{"container_enabled":"0","container_center_div_wrap":"0","container_width":0,"container_margin_top":0,"container_margin_right":0,"container_margin_bottom":0,"container_margin_left":0,"container_alignment":""}]]></container><advanced><![CDATA[{"important_css":"0","external_css":"0"}]]></advanced><google><![CDATA[{"gtrack_enable":"0","gtrack_cat":"MaxButtons","gtrack_action":"click","gtrack_label":"Facebook","gtrack_value":"0","gtrack_interaction":"1"}]]></google><responsive><![CDATA[{"media_query":[],"auto_responsive":0}]]></responsive><collection><social><network>facebook</network><display_count>1</display_count><count_threshold>0</count_threshold><share_url_setting>auto</share_url_setting><share_url_custom></share_url_custom><blog_url></blog_url></social></collection></maxbutton><maxbutton> <name>Modern Social Share - Twitter</name><status>publish</status><basic><![CDATA[{"name":"Modern Social Share - Twitter","status":"publish","description":"","url":"","new_window":0,"nofollow":0}]]></basic><dimension><![CDATA[{"button_width":140,"button_height":40}]]></dimension><text><![CDATA[{"text":"{c}","font":"Trebuchet MS","font_size":15,"text_align":"right","font_style":"normal","font_weight":"bold","text_shadow_offset_left":-1,"text_shadow_offset_top":-1,"text_shadow_width":0,"padding_top":12,"padding_right":10,"padding_bottom":15,"padding_left":25,"text2":"","font2":"Arial","font_size2":16,"font_style2":"normal","font_weight2":"normal","padding_top2":15,"padding_right2":25,"padding_bottom2":15,"padding_left2":25,"text_align2":""}]]></text><color><![CDATA[{"text_color":"#6e656e","text_shadow_color":"#ffffff","gradient_start_color":"#ffffff","gradient_end_color":"#ffffff","border_color":"#a19da1","box_shadow_color":"#ffffff","text_color_hover":"#6e656e","text_shadow_color_hover":"#ffffff","gradient_start_color_hover":"#ffffff","gradient_end_color_hover":"#ffffff","border_color_hover":"#a19da1","box_shadow_color_hover":"#ffffff","icon_color":"#ffffff","icon_color_hover":"#ffffff"}]]></color><icon><![CDATA[{"use_fa_icon":0,"fa_icon_value":"","fa_icon_size":30,"icon_url":"Twitter.jpg","icon_alt":"","icon_position":"left","icon_padding_top":0,"icon_padding_right":0,"icon_padding_bottom":0,"icon_padding_left":0}]]></icon><border><![CDATA[{"radius_top_left":4,"radius_top_right":4,"radius_bottom_left":4,"radius_bottom_right":4,"border_style":"solid","border_width":1,"box_shadow_offset_left":0,"box_shadow_offset_top":0,"box_shadow_width":2}]]></border><gradient><![CDATA[{"gradient_stop":"45","gradient_start_opacity":"100","gradient_end_opacity":"100","gradient_start_opacity_hover":"100","gradient_end_opacity_hover":"100"}]]></gradient><container><![CDATA[{"container_enabled":"0","container_center_div_wrap":"0","container_width":0,"container_margin_top":0,"container_margin_right":0,"container_margin_bottom":0,"container_margin_left":0,"container_alignment":""}]]></container><advanced><![CDATA[{"important_css":"0","external_css":"0"}]]></advanced><google><![CDATA[{"gtrack_enable":"0","gtrack_cat":"MaxButtons","gtrack_action":"click","gtrack_label":"Twitter","gtrack_value":"0","gtrack_interaction":"1"}]]></google><responsive><![CDATA[{"media_query":[],"auto_responsive":0}]]></responsive><collection><social><network>twitter</network><display_count>1</display_count><count_threshold>0</count_threshold><share_url_setting>auto</share_url_setting><share_url_custom></share_url_custom><blog_url></blog_url></social></collection></maxbutton><maxbutton> <name>Modern Social Share - Pinterest</name><status>publish</status><basic><![CDATA[{"name":"Modern Social Share - Pinterest","status":"publish","description":"","url":"","new_window":0,"nofollow":0}]]></basic><dimension><![CDATA[{"button_width":140,"button_height":40}]]></dimension><text><![CDATA[{"text":"{c}","font":"Trebuchet MS","font_size":15,"text_align":"right","font_style":"normal","font_weight":"bold","text_shadow_offset_left":-1,"text_shadow_offset_top":-1,"text_shadow_width":0,"padding_top":12,"padding_right":10,"padding_bottom":15,"padding_left":25,"text2":"","font2":"Arial","font_size2":16,"font_style2":"normal","font_weight2":"normal","padding_top2":15,"padding_right2":25,"padding_bottom2":15,"padding_left2":25,"text_align2":""}]]></text><color><![CDATA[{"text_color":"#6e656e","text_shadow_color":"#ffffff","gradient_start_color":"#ffffff","gradient_end_color":"#ffffff","border_color":"#a19da1","box_shadow_color":"#ffffff","text_color_hover":"#6e656e","text_shadow_color_hover":"#ffffff","gradient_start_color_hover":"#ffffff","gradient_end_color_hover":"#ffffff","border_color_hover":"#a19da1","box_shadow_color_hover":"#ffffff","icon_color":"#ffffff","icon_color_hover":"#ffffff"}]]></color><icon><![CDATA[{"use_fa_icon":0,"fa_icon_value":"","fa_icon_size":30,"icon_url":"Pin-It.jpg","icon_alt":"","icon_position":"left","icon_padding_top":0,"icon_padding_right":0,"icon_padding_bottom":0,"icon_padding_left":0}]]></icon><border><![CDATA[{"radius_top_left":4,"radius_top_right":4,"radius_bottom_left":4,"radius_bottom_right":4,"border_style":"solid","border_width":1,"box_shadow_offset_left":0,"box_shadow_offset_top":0,"box_shadow_width":2}]]></border><gradient><![CDATA[{"gradient_stop":"45","gradient_start_opacity":"100","gradient_end_opacity":"100","gradient_start_opacity_hover":"100","gradient_end_opacity_hover":"100"}]]></gradient><container><![CDATA[{"container_enabled":"0","container_center_div_wrap":"0","container_width":0,"container_margin_top":0,"container_margin_right":0,"container_margin_bottom":0,"container_margin_left":0,"container_alignment":""}]]></container><advanced><![CDATA[{"important_css":"0","external_css":"0"}]]></advanced><google><![CDATA[{"gtrack_enable":"0","gtrack_cat":"MaxButtons","gtrack_action":"click","gtrack_label":"Pinterest","gtrack_value":"0","gtrack_interaction":"1"}]]></google><responsive><![CDATA[{"media_query":[],"auto_responsive":0}]]></responsive><collection><social><network>pinterest</network><display_count>1</display_count><count_threshold>0</count_threshold><share_url_setting>auto</share_url_setting><share_url_custom></share_url_custom><blog_url></blog_url></social></collection></maxbutton><maxbutton> <name>Modern Social Share - Google Plus</name><status>publish</status><basic><![CDATA[{"name":"Modern Social Share - Google Plus","status":"publish","description":"","url":"","new_window":0,"nofollow":0}]]></basic><dimension><![CDATA[{"button_width":140,"button_height":40}]]></dimension><text><![CDATA[{"text":"{c}","font":"Trebuchet MS","font_size":15,"text_align":"right","font_style":"normal","font_weight":"bold","text_shadow_offset_left":-1,"text_shadow_offset_top":-1,"text_shadow_width":0,"padding_top":12,"padding_right":10,"padding_bottom":15,"padding_left":25,"text2":"","font2":"Arial","font_size2":16,"font_style2":"normal","font_weight2":"normal","padding_top2":15,"padding_right2":25,"padding_bottom2":15,"padding_left2":25,"text_align2":""}]]></text><color><![CDATA[{"text_color":"#6e656e","text_shadow_color":"#ffffff","gradient_start_color":"#ffffff","gradient_end_color":"#ffffff","border_color":"#a19da1","box_shadow_color":"#ffffff","text_color_hover":"#6e656e","text_shadow_color_hover":"#ffffff","gradient_start_color_hover":"#ffffff","gradient_end_color_hover":"#ffffff","border_color_hover":"#a19da1","box_shadow_color_hover":"#ffffff","icon_color":"#ffffff","icon_color_hover":"#ffffff"}]]></color><icon><![CDATA[{"use_fa_icon":0,"fa_icon_value":"","fa_icon_size":30,"icon_url":"GooglePlus.jpg","icon_alt":"","icon_position":"left","icon_padding_top":0,"icon_padding_right":0,"icon_padding_bottom":0,"icon_padding_left":0}]]></icon><border><![CDATA[{"radius_top_left":4,"radius_top_right":4,"radius_bottom_left":4,"radius_bottom_right":4,"border_style":"solid","border_width":1,"box_shadow_offset_left":0,"box_shadow_offset_top":0,"box_shadow_width":2}]]></border><gradient><![CDATA[{"gradient_stop":"45","gradient_start_opacity":"100","gradient_end_opacity":"100","gradient_start_opacity_hover":"100","gradient_end_opacity_hover":"100"}]]></gradient><container><![CDATA[{"container_enabled":"0","container_center_div_wrap":"0","container_width":0,"container_margin_top":0,"container_margin_right":0,"container_margin_bottom":0,"container_margin_left":0,"container_alignment":""}]]></container><advanced><![CDATA[{"important_css":"0","external_css":"0"}]]></advanced><google><![CDATA[{"gtrack_enable":"0","gtrack_cat":"MaxButtons","gtrack_action":"click","gtrack_label":"Google Plus","gtrack_value":"0","gtrack_interaction":"1"}]]></google><responsive><![CDATA[{"media_query":[],"auto_responsive":0}]]></responsive><collection><social><network>google-plus</network><display_count>1</display_count><count_threshold>0</count_threshold><share_url_setting>auto</share_url_setting><share_url_custom></share_url_custom><blog_url></blog_url></social></collection></maxbutton><maxbutton> <name>Modern Social Share - LinkedIn</name><status>publish</status><basic><![CDATA[{"name":"Modern Social Share - LinkedIn","status":"publish","description":"","url":"","new_window":0,"nofollow":0}]]></basic><dimension><![CDATA[{"button_width":140,"button_height":40}]]></dimension><text><![CDATA[{"text":"{c}","font":"Trebuchet MS","font_size":15,"text_align":"right","font_style":"normal","font_weight":"bold","text_shadow_offset_left":-1,"text_shadow_offset_top":-1,"text_shadow_width":0,"padding_top":12,"padding_right":10,"padding_bottom":15,"padding_left":25,"text2":"","font2":"Arial","font_size2":16,"font_style2":"normal","font_weight2":"normal","padding_top2":15,"padding_right2":25,"padding_bottom2":15,"padding_left2":25,"text_align2":""}]]></text><color><![CDATA[{"text_color":"#6e656e","text_shadow_color":"#ffffff","gradient_start_color":"#ffffff","gradient_end_color":"#ffffff","border_color":"#a19da1","box_shadow_color":"#ffffff","text_color_hover":"#6e656e","text_shadow_color_hover":"#ffffff","gradient_start_color_hover":"#ffffff","gradient_end_color_hover":"#ffffff","border_color_hover":"#a19da1","box_shadow_color_hover":"#ffffff","icon_color":"#ffffff","icon_color_hover":"#ffffff"}]]></color><icon><![CDATA[{"use_fa_icon":0,"fa_icon_value":"","fa_icon_size":30,"icon_url":"LinkedIn.jpg","icon_alt":"","icon_position":"left","icon_padding_top":0,"icon_padding_right":0,"icon_padding_bottom":0,"icon_padding_left":0}]]></icon><border><![CDATA[{"radius_top_left":4,"radius_top_right":4,"radius_bottom_left":4,"radius_bottom_right":4,"border_style":"solid","border_width":1,"box_shadow_offset_left":0,"box_shadow_offset_top":0,"box_shadow_width":2}]]></border><gradient><![CDATA[{"gradient_stop":"45","gradient_start_opacity":"100","gradient_end_opacity":"100","gradient_start_opacity_hover":"100","gradient_end_opacity_hover":"100"}]]></gradient><container><![CDATA[{"container_enabled":"0","container_center_div_wrap":"0","container_width":0,"container_margin_top":0,"container_margin_right":0,"container_margin_bottom":0,"container_margin_left":0,"container_alignment":""}]]></container><advanced><![CDATA[{"important_css":"0","external_css":"0"}]]></advanced><google><![CDATA[{"gtrack_enable":"0","gtrack_cat":"MaxButtons","gtrack_action":"click","gtrack_label":"LinkedIn","gtrack_value":"0","gtrack_interaction":"1"}]]></google><responsive><![CDATA[{"media_query":[],"auto_responsive":0}]]></responsive><collection><social><network>linkedin</network><display_count>1</display_count><count_threshold>0</count_threshold><share_url_setting>auto</share_url_setting><share_url_custom></share_url_custom><blog_url></blog_url></social></collection></maxbutton></maxbuttons>