<maxbuttons><pack name="Social Share Squares" description="" author="" author_url="" /><maxbutton> <name>Social Squares - Facebook</name><status>publish</status><basic><![CDATA[{"name":"Social Squares - Facebook","status":"publish","description":"","url":"","new_window":0,"nofollow":0}]]></basic><dimension><![CDATA[{"button_width":45,"button_height":45}]]></dimension><text><![CDATA[{"text":"{c}","font":"Trebuchet MS","font_size":12,"text_align":"center","font_style":"normal","font_weight":"bold","text_shadow_offset_left":-1,"text_shadow_offset_top":-1,"text_shadow_width":0,"padding_top":2,"padding_right":0,"padding_bottom":0,"padding_left":0,"text2":"","font2":"Arial","font_size2":16,"font_style2":"normal","font_weight2":"normal","padding_top2":15,"padding_right2":25,"padding_bottom2":15,"padding_left2":25,"text_align2":""}]]></text><color><![CDATA[{"text_color":"#ffffff","text_shadow_color":"#096b9b","gradient_start_color":"#096b9b","gradient_end_color":"#096b9b","border_color":"#096b9b","box_shadow_color":"#333333","text_color_hover":"#ffffff","text_shadow_color_hover":"#096b9b","gradient_start_color_hover":"#096b9b","gradient_end_color_hover":"#096b9b","border_color_hover":"#096b9b","box_shadow_color_hover":"#333333","icon_color":"#ffffff","icon_color_hover":"#ffffff"}]]></color><icon><![CDATA[{"use_fa_icon":"1","fa_icon_value":"fa-facebook-f","fa_icon_size":20,"icon_url":"","icon_alt":"","icon_position":"top","icon_padding_top":6,"icon_padding_right":0,"icon_padding_bottom":0,"icon_padding_left":0}]]></icon><border><![CDATA[{"radius_top_left":0,"radius_top_right":0,"radius_bottom_left":0,"radius_bottom_right":0,"border_style":"solid","border_width":1,"box_shadow_offset_left":0,"box_shadow_offset_top":0,"box_shadow_width":0}]]></border><gradient><![CDATA[{"gradient_stop":"45","gradient_start_opacity":"100","gradient_end_opacity":"100","gradient_start_opacity_hover":"100","gradient_end_opacity_hover":"100"}]]></gradient><container><![CDATA[{"container_enabled":"0","container_center_div_wrap":"0","container_width":0,"container_margin_top":0,"container_margin_right":0,"container_margin_bottom":0,"container_margin_left":0,"container_alignment":""}]]></container><advanced><![CDATA[{"important_css":"0","external_css":"0"}]]></advanced><google><![CDATA[{"gtrack_enable":"0","gtrack_cat":"MaxButtons","gtrack_action":"click","gtrack_label":"Facebook","gtrack_value":"0","gtrack_interaction":"1"}]]></google><responsive><![CDATA[{"media_query":[],"auto_responsive":0}]]></responsive><collection><social><network>facebook</network><display_count>1</display_count><count_threshold>0</count_threshold><share_url_setting>auto</share_url_setting><share_url_custom></share_url_custom><blog_url></blog_url></social></collection></maxbutton><maxbutton> <name>Social Squares - Twitter</name><status>publish</status><basic><![CDATA[{"name":"Social Squares - Twitter","status":"publish","description":"","url":"","new_window":0,"nofollow":0}]]></basic><dimension><![CDATA[{"button_width":45,"button_height":45}]]></dimension><text><![CDATA[{"text":"{c}","font":"Trebuchet MS","font_size":12,"text_align":"center","font_style":"normal","font_weight":"normal","text_shadow_offset_left":-1,"text_shadow_offset_top":-1,"text_shadow_width":0,"padding_top":2,"padding_right":0,"padding_bottom":0,"padding_left":0,"text2":"","font2":"Arial","font_size2":16,"font_style2":"normal","font_weight2":"normal","padding_top2":15,"padding_right2":25,"padding_bottom2":15,"padding_left2":25,"text_align2":""}]]></text><color><![CDATA[{"text_color":"#ffffff","text_shadow_color":"#2ba9e1","gradient_start_color":"#2ba9e1","gradient_end_color":"#2ba9e1","border_color":"#2ba9e1","box_shadow_color":"#333333","text_color_hover":"#ffffff","text_shadow_color_hover":"#2ba9e1","gradient_start_color_hover":"#2ba9e1","gradient_end_color_hover":"#2ba9e1","border_color_hover":"#2ba9e1","box_shadow_color_hover":"#333333","icon_color":"#ffffff","icon_color_hover":"#ffffff"}]]></color><icon><![CDATA[{"use_fa_icon":"1","fa_icon_value":"fa-twitter","fa_icon_size":20,"icon_url":"","icon_alt":"","icon_position":"top","icon_padding_top":6,"icon_padding_right":0,"icon_padding_bottom":0,"icon_padding_left":0}]]></icon><border><![CDATA[{"radius_top_left":0,"radius_top_right":0,"radius_bottom_left":0,"radius_bottom_right":0,"border_style":"solid","border_width":1,"box_shadow_offset_left":0,"box_shadow_offset_top":0,"box_shadow_width":0}]]></border><gradient><![CDATA[{"gradient_stop":"45","gradient_start_opacity":"100","gradient_end_opacity":"100","gradient_start_opacity_hover":"100","gradient_end_opacity_hover":"100"}]]></gradient><container><![CDATA[{"container_enabled":"0","container_center_div_wrap":"0","container_width":0,"container_margin_top":0,"container_margin_right":0,"container_margin_bottom":0,"container_margin_left":0,"container_alignment":""}]]></container><advanced><![CDATA[{"important_css":"0","external_css":"0"}]]></advanced><google><![CDATA[{"gtrack_enable":"0","gtrack_cat":"MaxButtons","gtrack_action":"click","gtrack_label":"Twitter","gtrack_value":"0","gtrack_interaction":"1"}]]></google><responsive><![CDATA[{"media_query":[],"auto_responsive":0}]]></responsive><collection><social><network>twitter</network><display_count>1</display_count><count_threshold>0</count_threshold><share_url_setting>auto</share_url_setting><share_url_custom></share_url_custom><blog_url></blog_url></social></collection></maxbutton><maxbutton> <name>Social Squares - Pinterest</name><status>publish</status><basic><![CDATA[{"name":"Social Squares - Pinterest","status":"publish","description":"","url":"","new_window":0,"nofollow":0}]]></basic><dimension><![CDATA[{"button_width":45,"button_height":45}]]></dimension><text><![CDATA[{"text":"{c}","font":"Trebuchet MS","font_size":12,"text_align":"center","font_style":"normal","font_weight":"bold","text_shadow_offset_left":-1,"text_shadow_offset_top":-1,"text_shadow_width":0,"padding_top":2,"padding_right":0,"padding_bottom":0,"padding_left":0,"text2":"","font2":"Arial","font_size2":16,"font_style2":"normal","font_weight2":"normal","padding_top2":15,"padding_right2":25,"padding_bottom2":15,"padding_left2":25,"text_align2":""}]]></text><color><![CDATA[{"text_color":"#ffffff","text_shadow_color":"#ca2026","gradient_start_color":"#ca2026","gradient_end_color":"#ca2026","border_color":"#ca2026","box_shadow_color":"#333333","text_color_hover":"#ffffff","text_shadow_color_hover":"#ca2026","gradient_start_color_hover":"#ca2026","gradient_end_color_hover":"#ca2026","border_color_hover":"#ca2026","box_shadow_color_hover":"#333333","icon_color":"#ffffff","icon_color_hover":"#ffffff"}]]></color><icon><![CDATA[{"use_fa_icon":"1","fa_icon_value":"fa-pinterest-p","fa_icon_size":20,"icon_url":"","icon_alt":"","icon_position":"top","icon_padding_top":6,"icon_padding_right":0,"icon_padding_bottom":0,"icon_padding_left":0}]]></icon><border><![CDATA[{"radius_top_left":0,"radius_top_right":0,"radius_bottom_left":0,"radius_bottom_right":0,"border_style":"solid","border_width":1,"box_shadow_offset_left":0,"box_shadow_offset_top":0,"box_shadow_width":0}]]></border><gradient><![CDATA[{"gradient_stop":"45","gradient_start_opacity":"100","gradient_end_opacity":"100","gradient_start_opacity_hover":"100","gradient_end_opacity_hover":"100"}]]></gradient><container><![CDATA[{"container_enabled":"0","container_center_div_wrap":"0","container_width":0,"container_margin_top":0,"container_margin_right":0,"container_margin_bottom":0,"container_margin_left":0,"container_alignment":""}]]></container><advanced><![CDATA[{"important_css":"0","external_css":"0"}]]></advanced><google><![CDATA[{"gtrack_enable":"0","gtrack_cat":"MaxButtons","gtrack_action":"click","gtrack_label":"Pinterest","gtrack_value":"0","gtrack_interaction":"1"}]]></google><responsive><![CDATA[{"media_query":[],"auto_responsive":0}]]></responsive><collection><social><network>pinterest</network><display_count>1</display_count><count_threshold>0</count_threshold><share_url_setting>auto</share_url_setting><share_url_custom></share_url_custom><blog_url></blog_url></social></collection></maxbutton><maxbutton> <name>Social Squares - Google Plus</name><status>publish</status><basic><![CDATA[{"name":"Social Squares - Google Plus","status":"publish","description":"","url":"","new_window":0,"nofollow":0}]]></basic><dimension><![CDATA[{"button_width":45,"button_height":45}]]></dimension><text><![CDATA[{"text":"{c}","font":"Trebuchet MS","font_size":12,"text_align":"center","font_style":"normal","font_weight":"bold","text_shadow_offset_left":-1,"text_shadow_offset_top":-1,"text_shadow_width":0,"padding_top":2,"padding_right":0,"padding_bottom":0,"padding_left":0,"text2":"","font2":"Arial","font_size2":16,"font_style2":"normal","font_weight2":"normal","padding_top2":15,"padding_right2":25,"padding_bottom2":15,"padding_left2":25,"text_align2":""}]]></text><color><![CDATA[{"text_color":"#ffffff","text_shadow_color":"#db5442","gradient_start_color":"#db5442","gradient_end_color":"#db5442","border_color":"#db5442","box_shadow_color":"#333333","text_color_hover":"#ffffff","text_shadow_color_hover":"#db5442","gradient_start_color_hover":"#db5442","gradient_end_color_hover":"#db5442","border_color_hover":"#db5442","box_shadow_color_hover":"#333333","icon_color":"#ffffff","icon_color_hover":"#ffffff"}]]></color><icon><![CDATA[{"use_fa_icon":"1","fa_icon_value":"fa-google-plus","fa_icon_size":20,"icon_url":"","icon_alt":"","icon_position":"top","icon_padding_top":6,"icon_padding_right":0,"icon_padding_bottom":0,"icon_padding_left":0}]]></icon><border><![CDATA[{"radius_top_left":0,"radius_top_right":0,"radius_bottom_left":0,"radius_bottom_right":0,"border_style":"solid","border_width":1,"box_shadow_offset_left":0,"box_shadow_offset_top":0,"box_shadow_width":0}]]></border><gradient><![CDATA[{"gradient_stop":"45","gradient_start_opacity":"100","gradient_end_opacity":"100","gradient_start_opacity_hover":"100","gradient_end_opacity_hover":"100"}]]></gradient><container><![CDATA[{"container_enabled":"0","container_center_div_wrap":"0","container_width":0,"container_margin_top":0,"container_margin_right":0,"container_margin_bottom":0,"container_margin_left":0,"container_alignment":""}]]></container><advanced><![CDATA[{"important_css":"0","external_css":"0"}]]></advanced><google><![CDATA[{"gtrack_enable":"0","gtrack_cat":"MaxButtons","gtrack_action":"click","gtrack_label":"Google Plus","gtrack_value":"0","gtrack_interaction":"1"}]]></google><responsive><![CDATA[{"media_query":[],"auto_responsive":0}]]></responsive><collection><social><network>google-plus</network><display_count>1</display_count><count_threshold>0</count_threshold><share_url_setting>auto</share_url_setting><share_url_custom></share_url_custom><blog_url></blog_url></social></collection></maxbutton><maxbutton> <name>Social Squares - LinkedIn</name><status>publish</status><basic><![CDATA[{"name":"Social Squares - LinkedIn","status":"publish","description":"","url":"","new_window":0,"nofollow":0}]]></basic><dimension><![CDATA[{"button_width":45,"button_height":45}]]></dimension><text><![CDATA[{"text":"{c}","font":"Trebuchet MS","font_size":12,"text_align":"center","font_style":"normal","font_weight":"bold","text_shadow_offset_left":-1,"text_shadow_offset_top":-1,"text_shadow_width":0,"padding_top":2,"padding_right":0,"padding_bottom":0,"padding_left":0,"text2":"","font2":"Arial","font_size2":16,"font_style2":"normal","font_weight2":"normal","padding_top2":15,"padding_right2":25,"padding_bottom2":15,"padding_left2":25,"text_align2":""}]]></text><color><![CDATA[{"text_color":"#ffffff","text_shadow_color":"#096b9b","gradient_start_color":"#096b9b","gradient_end_color":"#096b9b","border_color":"#096b9b","box_shadow_color":"#333333","text_color_hover":"#ffffff","text_shadow_color_hover":"#096b9b","gradient_start_color_hover":"#096b9b","gradient_end_color_hover":"#096b9b","border_color_hover":"#096b9b","box_shadow_color_hover":"#333333","icon_color":"#ffffff","icon_color_hover":"#ffffff"}]]></color><icon><![CDATA[{"use_fa_icon":"1","fa_icon_value":"fa-linkedin","fa_icon_size":20,"icon_url":"","icon_alt":"","icon_position":"top","icon_padding_top":5,"icon_padding_right":0,"icon_padding_bottom":0,"icon_padding_left":0}]]></icon><border><![CDATA[{"radius_top_left":0,"radius_top_right":0,"radius_bottom_left":0,"radius_bottom_right":0,"border_style":"solid","border_width":1,"box_shadow_offset_left":0,"box_shadow_offset_top":0,"box_shadow_width":0}]]></border><gradient><![CDATA[{"gradient_stop":"45","gradient_start_opacity":"100","gradient_end_opacity":"100","gradient_start_opacity_hover":"100","gradient_end_opacity_hover":"100"}]]></gradient><container><![CDATA[{"container_enabled":"0","container_center_div_wrap":"0","container_width":0,"container_margin_top":0,"container_margin_right":0,"container_margin_bottom":0,"container_margin_left":0,"container_alignment":""}]]></container><advanced><![CDATA[{"important_css":"0","external_css":"0"}]]></advanced><google><![CDATA[{"gtrack_enable":"0","gtrack_cat":"MaxButtons","gtrack_action":"click","gtrack_label":"LinkedIn","gtrack_value":"0","gtrack_interaction":"1"}]]></google><responsive><![CDATA[{"media_query":[],"auto_responsive":0}]]></responsive><collection><social><network>linkedin</network><display_count>1</display_count><count_threshold>0</count_threshold><share_url_setting>auto</share_url_setting><share_url_custom></share_url_custom><blog_url></blog_url></social></collection></maxbutton><maxbutton> <name>Social Squares - Email</name><status>publish</status><basic><![CDATA[{"name":"Social Squares - Email","status":"publish","description":"","url":"","new_window":0,"nofollow":0}]]></basic><dimension><![CDATA[{"button_width":45,"button_height":45}]]></dimension><text><![CDATA[{"text":"","font":"Trebuchet MS","font_size":12,"text_align":"center","font_style":"normal","font_weight":"normal","text_shadow_offset_left":-1,"text_shadow_offset_top":-1,"text_shadow_width":0,"padding_top":2,"padding_right":0,"padding_bottom":0,"padding_left":0,"text2":"","font2":"Arial","font_size2":16,"font_style2":"normal","font_weight2":"normal","padding_top2":15,"padding_right2":25,"padding_bottom2":15,"padding_left2":25,"text_align2":""}]]></text><color><![CDATA[{"text_color":"#ffffff","text_shadow_color":"#5cb85c","gradient_start_color":"#5cb85c","gradient_end_color":"#5cb85c","border_color":"#5cb85c","box_shadow_color":"#333333","text_color_hover":"#ffffff","text_shadow_color_hover":"#5cb85c","gradient_start_color_hover":"#5cb85c","gradient_end_color_hover":"#5cb85c","border_color_hover":"#5cb85c","box_shadow_color_hover":"#333333","icon_color":"#ffffff","icon_color_hover":"#ffffff"}]]></color><icon><![CDATA[{"use_fa_icon":"1","fa_icon_value":"fa-envelope","fa_icon_size":20,"icon_url":"","icon_alt":"","icon_position":"top","icon_padding_top":10,"icon_padding_right":0,"icon_padding_bottom":0,"icon_padding_left":0}]]></icon><border><![CDATA[{"radius_top_left":0,"radius_top_right":0,"radius_bottom_left":0,"radius_bottom_right":0,"border_style":"solid","border_width":1,"box_shadow_offset_left":0,"box_shadow_offset_top":0,"box_shadow_width":0}]]></border><gradient><![CDATA[{"gradient_stop":"45","gradient_start_opacity":"100","gradient_end_opacity":"100","gradient_start_opacity_hover":"100","gradient_end_opacity_hover":"100"}]]></gradient><container><![CDATA[{"container_enabled":"0","container_center_div_wrap":"0","container_width":0,"container_margin_top":0,"container_margin_right":0,"container_margin_bottom":0,"container_margin_left":0,"container_alignment":""}]]></container><advanced><![CDATA[{"important_css":"0","external_css":"0"}]]></advanced><google><![CDATA[{"gtrack_enable":"0","gtrack_cat":"MaxButtons","gtrack_action":"click","gtrack_label":"Email","gtrack_value":"0","gtrack_interaction":"1"}]]></google><responsive><![CDATA[{"media_query":[],"auto_responsive":0}]]></responsive><collection><social><network>email</network><display_count>0</display_count><count_threshold>4</count_threshold><share_url_setting>auto</share_url_setting><share_url_custom></share_url_custom><blog_url></blog_url></social></collection></maxbutton><maxbutton> <name>Social Squares - Print</name><status>publish</status><basic><![CDATA[{"name":"Social Squares - Print","status":"publish","description":"","url":"","new_window":0,"nofollow":0}]]></basic><dimension><![CDATA[{"button_width":45,"button_height":45}]]></dimension><text><![CDATA[{"text":"","font":"Trebuchet MS","font_size":12,"text_align":"right","font_style":"normal","font_weight":"normal","text_shadow_offset_left":-1,"text_shadow_offset_top":-1,"text_shadow_width":0,"padding_top":7,"padding_right":5,"padding_bottom":15,"padding_left":25,"text2":"","font2":"Arial","font_size2":16,"font_style2":"normal","font_weight2":"normal","padding_top2":15,"padding_right2":25,"padding_bottom2":15,"padding_left2":25,"text_align2":""}]]></text><color><![CDATA[{"text_color":"#ffffff","text_shadow_color":"#5e615e","gradient_start_color":"#5e615e","gradient_end_color":"#5e615e","border_color":"#5e615e","box_shadow_color":"#333333","text_color_hover":"#ffffff","text_shadow_color_hover":"#5e615e","gradient_start_color_hover":"#5e615e","gradient_end_color_hover":"#5e615e","border_color_hover":"#5e615e","box_shadow_color_hover":"#333333","icon_color":"#ffffff","icon_color_hover":"#ffffff"}]]></color><icon><![CDATA[{"use_fa_icon":"1","fa_icon_value":"fa-print","fa_icon_size":20,"icon_url":"","icon_alt":"","icon_position":"top","icon_padding_top":10,"icon_padding_right":0,"icon_padding_bottom":0,"icon_padding_left":0}]]></icon><border><![CDATA[{"radius_top_left":0,"radius_top_right":0,"radius_bottom_left":0,"radius_bottom_right":0,"border_style":"solid","border_width":1,"box_shadow_offset_left":0,"box_shadow_offset_top":0,"box_shadow_width":0}]]></border><gradient><![CDATA[{"gradient_stop":"45","gradient_start_opacity":"100","gradient_end_opacity":"100","gradient_start_opacity_hover":"100","gradient_end_opacity_hover":"100"}]]></gradient><container><![CDATA[{"container_enabled":"0","container_center_div_wrap":"0","container_width":0,"container_margin_top":0,"container_margin_right":0,"container_margin_bottom":0,"container_margin_left":0,"container_alignment":""}]]></container><advanced><![CDATA[{"important_css":"0","external_css":"0"}]]></advanced><google><![CDATA[{"gtrack_enable":"0","gtrack_cat":"MaxButtons","gtrack_action":"click","gtrack_label":"Print","gtrack_value":"0","gtrack_interaction":"1"}]]></google><responsive><![CDATA[{"media_query":[],"auto_responsive":0}]]></responsive><collection><social><network>print</network><display_count>0</display_count><count_threshold>4</count_threshold><share_url_setting>auto</share_url_setting><share_url_custom></share_url_custom><blog_url></blog_url></social></collection></maxbutton><maxbutton> <name>Social Squares - Digg</name><status>publish</status><basic><![CDATA[{"name":"Social Squares - Digg","status":"publish","description":"","url":"","new_window":0,"nofollow":0}]]></basic><dimension><![CDATA[{"button_width":45,"button_height":45}]]></dimension><text><![CDATA[{"text":"{c}","font":"Trebuchet MS","font_size":12,"text_align":"center","font_style":"normal","font_weight":"bold","text_shadow_offset_left":-1,"text_shadow_offset_top":-1,"text_shadow_width":0,"padding_top":2,"padding_right":0,"padding_bottom":0,"padding_left":0,"text2":"","font2":"Arial","font_size2":16,"font_style2":"normal","font_weight2":"normal","padding_top2":15,"padding_right2":25,"padding_bottom2":15,"padding_left2":25,"text_align2":""}]]></text><color><![CDATA[{"text_color":"#ffffff","text_shadow_color":"#818281","gradient_start_color":"#818281","gradient_end_color":"#818281","border_color":"#818281","box_shadow_color":"#333333","text_color_hover":"#ffffff","text_shadow_color_hover":"#818281","gradient_start_color_hover":"#818281","gradient_end_color_hover":"#818281","border_color_hover":"#818281","box_shadow_color_hover":"#333333","icon_color":"#ffffff","icon_color_hover":"#ffffff"}]]></color><icon><![CDATA[{"use_fa_icon":"1","fa_icon_value":"fa-digg","fa_icon_size":20,"icon_url":"","icon_alt":"","icon_position":"top","icon_padding_top":5,"icon_padding_right":0,"icon_padding_bottom":0,"icon_padding_left":0}]]></icon><border><![CDATA[{"radius_top_left":0,"radius_top_right":0,"radius_bottom_left":0,"radius_bottom_right":0,"border_style":"solid","border_width":1,"box_shadow_offset_left":0,"box_shadow_offset_top":0,"box_shadow_width":0}]]></border><gradient><![CDATA[{"gradient_stop":"45","gradient_start_opacity":"100","gradient_end_opacity":"100","gradient_start_opacity_hover":"100","gradient_end_opacity_hover":"100"}]]></gradient><container><![CDATA[{"container_enabled":"0","container_center_div_wrap":"0","container_width":0,"container_margin_top":0,"container_margin_right":0,"container_margin_bottom":0,"container_margin_left":0,"container_alignment":""}]]></container><advanced><![CDATA[{"important_css":"0","external_css":"0"}]]></advanced><google><![CDATA[{"gtrack_enable":"0","gtrack_cat":"MaxButtons","gtrack_action":"click","gtrack_label":"Digg","gtrack_value":"0","gtrack_interaction":"1"}]]></google><responsive><![CDATA[{"media_query":[],"auto_responsive":0}]]></responsive><collection><social><network>digg</network><display_count>1</display_count><count_threshold>0</count_threshold><share_url_setting>auto</share_url_setting><share_url_custom></share_url_custom><blog_url></blog_url></social></collection></maxbutton><maxbutton> <name>Social Squares - StumbleUpon</name><status>publish</status><basic><![CDATA[{"name":"Social Squares - StumbleUpon","status":"publish","description":"","url":"","new_window":0,"nofollow":0}]]></basic><dimension><![CDATA[{"button_width":45,"button_height":45}]]></dimension><text><![CDATA[{"text":"{c}","font":"Trebuchet MS","font_size":12,"text_align":"center","font_style":"normal","font_weight":"normal","text_shadow_offset_left":-1,"text_shadow_offset_top":-1,"text_shadow_width":0,"padding_top":2,"padding_right":0,"padding_bottom":0,"padding_left":0,"text2":"","font2":"Arial","font_size2":16,"font_style2":"normal","font_weight2":"normal","padding_top2":15,"padding_right2":25,"padding_bottom2":15,"padding_left2":25,"text_align2":""}]]></text><color><![CDATA[{"text_color":"#ffffff","text_shadow_color":"#ef4e22","gradient_start_color":"#ef4e22","gradient_end_color":"#ef4e22","border_color":"#ef4e22","box_shadow_color":"#333333","text_color_hover":"#ffffff","text_shadow_color_hover":"#ef4e22","gradient_start_color_hover":"#ef4e22","gradient_end_color_hover":"#ef4e22","border_color_hover":"#ef4e22","box_shadow_color_hover":"#333333","icon_color":"#ffffff","icon_color_hover":"#ffffff"}]]></color><icon><![CDATA[{"use_fa_icon":"1","fa_icon_value":"fa-stumbleupon","fa_icon_size":20,"icon_url":"","icon_alt":"","icon_position":"top","icon_padding_top":5,"icon_padding_right":0,"icon_padding_bottom":0,"icon_padding_left":0}]]></icon><border><![CDATA[{"radius_top_left":0,"radius_top_right":0,"radius_bottom_left":0,"radius_bottom_right":0,"border_style":"solid","border_width":1,"box_shadow_offset_left":0,"box_shadow_offset_top":0,"box_shadow_width":0}]]></border><gradient><![CDATA[{"gradient_stop":"45","gradient_start_opacity":"100","gradient_end_opacity":"100","gradient_start_opacity_hover":"100","gradient_end_opacity_hover":"100"}]]></gradient><container><![CDATA[{"container_enabled":"0","container_center_div_wrap":"0","container_width":0,"container_margin_top":0,"container_margin_right":0,"container_margin_bottom":0,"container_margin_left":0,"container_alignment":""}]]></container><advanced><![CDATA[{"important_css":"0","external_css":"0"}]]></advanced><google><![CDATA[{"gtrack_enable":"0","gtrack_cat":"MaxButtons","gtrack_action":"click","gtrack_label":"StumbleUpon","gtrack_value":"0","gtrack_interaction":"1"}]]></google><responsive><![CDATA[{"media_query":[],"auto_responsive":0}]]></responsive><collection><social><network>stumbleupon</network><display_count>1</display_count><count_threshold>0</count_threshold><share_url_setting>auto</share_url_setting><share_url_custom></share_url_custom><blog_url></blog_url></social></collection></maxbutton><maxbutton> <name>Social Squares - Reddit</name><status>publish</status><basic><![CDATA[{"name":"Social Squares - Reddit","status":"publish","description":"","url":"","new_window":0,"nofollow":0}]]></basic><dimension><![CDATA[{"button_width":45,"button_height":45}]]></dimension><text><![CDATA[{"text":"{c}","font":"Trebuchet MS","font_size":12,"text_align":"center","font_style":"normal","font_weight":"normal","text_shadow_offset_left":-1,"text_shadow_offset_top":-1,"text_shadow_width":0,"padding_top":2,"padding_right":0,"padding_bottom":0,"padding_left":0,"text2":"","font2":"Arial","font_size2":16,"font_style2":"normal","font_weight2":"normal","padding_top2":15,"padding_right2":25,"padding_bottom2":15,"padding_left2":25,"text_align2":""}]]></text><color><![CDATA[{"text_color":"#ffffff","text_shadow_color":"#fa8237","gradient_start_color":"#fa8237","gradient_end_color":"#fa8237","border_color":"#fa8237","box_shadow_color":"#333333","text_color_hover":"#ffffff","text_shadow_color_hover":"#fa8237","gradient_start_color_hover":"#fa8237","gradient_end_color_hover":"#fa8237","border_color_hover":"#fa8237","box_shadow_color_hover":"#333333","icon_color":"#ffffff","icon_color_hover":"#ffffff"}]]></color><icon><![CDATA[{"use_fa_icon":"1","fa_icon_value":"fa-reddit","fa_icon_size":20,"icon_url":"","icon_alt":"","icon_position":"top","icon_padding_top":6,"icon_padding_right":0,"icon_padding_bottom":0,"icon_padding_left":0}]]></icon><border><![CDATA[{"radius_top_left":0,"radius_top_right":0,"radius_bottom_left":0,"radius_bottom_right":0,"border_style":"solid","border_width":1,"box_shadow_offset_left":0,"box_shadow_offset_top":0,"box_shadow_width":0}]]></border><gradient><![CDATA[{"gradient_stop":"45","gradient_start_opacity":"100","gradient_end_opacity":"100","gradient_start_opacity_hover":"100","gradient_end_opacity_hover":"100"}]]></gradient><container><![CDATA[{"container_enabled":"0","container_center_div_wrap":"0","container_width":0,"container_margin_top":0,"container_margin_right":0,"container_margin_bottom":0,"container_margin_left":0,"container_alignment":""}]]></container><advanced><![CDATA[{"important_css":"0","external_css":"0"}]]></advanced><google><![CDATA[{"gtrack_enable":"0","gtrack_cat":"MaxButtons","gtrack_action":"click","gtrack_label":"Reddit","gtrack_value":"0","gtrack_interaction":"1"}]]></google><responsive><![CDATA[{"media_query":[],"auto_responsive":0}]]></responsive><collection><social><network>reddit</network><display_count>1</display_count><count_threshold>0</count_threshold><share_url_setting>auto</share_url_setting><share_url_custom></share_url_custom><blog_url></blog_url></social></collection></maxbutton><maxbutton> <name>Social Squares - VK</name><status>publish</status><basic><![CDATA[{"name":"Social Squares - VK","status":"publish","description":"","url":"","new_window":0,"nofollow":0}]]></basic><dimension><![CDATA[{"button_width":45,"button_height":45}]]></dimension><text><![CDATA[{"text":"{c}","font":"Trebuchet MS","font_size":12,"text_align":"center","font_style":"normal","font_weight":"normal","text_shadow_offset_left":-1,"text_shadow_offset_top":-1,"text_shadow_width":0,"padding_top":2,"padding_right":0,"padding_bottom":0,"padding_left":0,"text2":"","font2":"Arial","font_size2":16,"font_style2":"normal","font_weight2":"normal","padding_top2":15,"padding_right2":25,"padding_bottom2":15,"padding_left2":25,"text_align2":""}]]></text><color><![CDATA[{"text_color":"#ffffff","text_shadow_color":"#4c75a0","gradient_start_color":"#4c75a0","gradient_end_color":"#4c75a0","border_color":"#4c75a0","box_shadow_color":"#333333","text_color_hover":"#ffffff","text_shadow_color_hover":"#4c75a0","gradient_start_color_hover":"#4c75a0","gradient_end_color_hover":"#4c75a0","border_color_hover":"#4c75a0","box_shadow_color_hover":"#333333","icon_color":"#ffffff","icon_color_hover":"#ffffff"}]]></color><icon><![CDATA[{"use_fa_icon":"1","fa_icon_value":"fa-vk","fa_icon_size":20,"icon_url":"","icon_alt":"","icon_position":"top","icon_padding_top":5,"icon_padding_right":0,"icon_padding_bottom":0,"icon_padding_left":0}]]></icon><border><![CDATA[{"radius_top_left":0,"radius_top_right":0,"radius_bottom_left":0,"radius_bottom_right":0,"border_style":"solid","border_width":1,"box_shadow_offset_left":0,"box_shadow_offset_top":0,"box_shadow_width":0}]]></border><gradient><![CDATA[{"gradient_stop":"45","gradient_start_opacity":"100","gradient_end_opacity":"100","gradient_start_opacity_hover":"100","gradient_end_opacity_hover":"100"}]]></gradient><container><![CDATA[{"container_enabled":"0","container_center_div_wrap":"0","container_width":0,"container_margin_top":0,"container_margin_right":0,"container_margin_bottom":0,"container_margin_left":0,"container_alignment":""}]]></container><advanced><![CDATA[{"important_css":"0","external_css":"0"}]]></advanced><google><![CDATA[{"gtrack_enable":"0","gtrack_cat":"MaxButtons","gtrack_action":"click","gtrack_label":"Vkontakte","gtrack_value":"0","gtrack_interaction":"1"}]]></google><responsive><![CDATA[{"media_query":[],"auto_responsive":0}]]></responsive><collection><social><network>vkontakte</network><display_count>1</display_count><count_threshold>0</count_threshold><share_url_setting>auto</share_url_setting><share_url_custom></share_url_custom><blog_url></blog_url></social></collection></maxbutton></maxbuttons>