<maxbuttons><pack name="Round White Social Share" description="" author="" author_url="" /><maxbutton> <name>Round White Share Buttons - Digg</name><status>publish</status><basic><![CDATA[{"name":"Round White Share Buttons - Digg","status":"publish","description":"","url":"","new_window":0,"nofollow":0}]]></basic><dimension><![CDATA[{"button_width":40,"button_height":40}]]></dimension><text><![CDATA[{"text":"","font":"Arial","font_size":16,"text_align":"","font_style":"normal","font_weight":"normal","text_shadow_offset_left":-1,"text_shadow_offset_top":-1,"text_shadow_width":0,"padding_top":15,"padding_right":25,"padding_bottom":15,"padding_left":25,"text2":"","font2":"Arial","font_size2":16,"font_style2":"normal","font_weight2":"normal","padding_top2":15,"padding_right2":25,"padding_bottom2":15,"padding_left2":25,"text_align2":""}]]></text><color><![CDATA[{"text_color":"#ffffff","text_shadow_color":"#ffffff","gradient_start_color":"#ffffff","gradient_end_color":"#ffffff","border_color":"#b9bab6","box_shadow_color":"#333333","text_color_hover":"#ffffff","text_shadow_color_hover":"#ffffff","gradient_start_color_hover":"#ffffff","gradient_end_color_hover":"#ffffff","border_color_hover":"#b9bab6","box_shadow_color_hover":"#333333","icon_color":"#2b2b2b","icon_color_hover":"#2b2b2b"}]]></color><icon><![CDATA[{"use_fa_icon":"1","fa_icon_value":"fa-digg","fa_icon_size":18,"icon_url":"","icon_alt":"","icon_position":"top","icon_padding_top":12,"icon_padding_right":0,"icon_padding_bottom":0,"icon_padding_left":0}]]></icon><border><![CDATA[{"radius_top_left":20,"radius_top_right":20,"radius_bottom_left":20,"radius_bottom_right":20,"border_style":"solid","border_width":1,"box_shadow_offset_left":0,"box_shadow_offset_top":0,"box_shadow_width":2}]]></border><gradient><![CDATA[{"gradient_stop":"45","gradient_start_opacity":"100","gradient_end_opacity":"100","gradient_start_opacity_hover":"100","gradient_end_opacity_hover":"100"}]]></gradient><container><![CDATA[{"container_enabled":"0","container_center_div_wrap":"0","container_width":0,"container_margin_top":0,"container_margin_right":0,"container_margin_bottom":0,"container_margin_left":0,"container_alignment":""}]]></container><advanced><![CDATA[{"important_css":"0","external_css":"0"}]]></advanced><google><![CDATA[{"gtrack_enable":"0","gtrack_cat":"MaxButtons","gtrack_action":"click","gtrack_label":"Digg","gtrack_value":"0","gtrack_interaction":"1"}]]></google><responsive><![CDATA[{"media_query":[],"auto_responsive":0}]]></responsive><collection><social><network>digg</network><display_count>0</display_count><count_threshold>4</count_threshold><share_url_setting>auto</share_url_setting><share_url_custom></share_url_custom><blog_url></blog_url></social></collection></maxbutton><maxbutton> <name>Round White Share Buttons - Facebook</name><status>publish</status><basic><![CDATA[{"name":"Round White Share Buttons - Facebook","status":"publish","description":"","url":"","new_window":0,"nofollow":0}]]></basic><dimension><![CDATA[{"button_width":40,"button_height":40}]]></dimension><text><![CDATA[{"text":"","font":"Arial","font_size":16,"text_align":"","font_style":"normal","font_weight":"normal","text_shadow_offset_left":-1,"text_shadow_offset_top":-1,"text_shadow_width":0,"padding_top":15,"padding_right":25,"padding_bottom":15,"padding_left":25,"text2":"","font2":"Arial","font_size2":16,"font_style2":"normal","font_weight2":"normal","padding_top2":15,"padding_right2":25,"padding_bottom2":15,"padding_left2":25,"text_align2":""}]]></text><color><![CDATA[{"text_color":"#ffffff","text_shadow_color":"#ffffff","gradient_start_color":"#ffffff","gradient_end_color":"#ffffff","border_color":"#b9bab6","box_shadow_color":"#333333","text_color_hover":"#ffffff","text_shadow_color_hover":"#ffffff","gradient_start_color_hover":"#ffffff","gradient_end_color_hover":"#ffffff","border_color_hover":"#b9bab6","box_shadow_color_hover":"#333333","icon_color":"#2b2b2b","icon_color_hover":"#2b2b2b"}]]></color><icon><![CDATA[{"use_fa_icon":"1","fa_icon_value":"fa-facebook-f","fa_icon_size":20,"icon_url":"","icon_alt":"","icon_position":"top","icon_padding_top":11,"icon_padding_right":0,"icon_padding_bottom":0,"icon_padding_left":0}]]></icon><border><![CDATA[{"radius_top_left":20,"radius_top_right":20,"radius_bottom_left":20,"radius_bottom_right":20,"border_style":"solid","border_width":1,"box_shadow_offset_left":0,"box_shadow_offset_top":0,"box_shadow_width":2}]]></border><gradient><![CDATA[{"gradient_stop":"45","gradient_start_opacity":"100","gradient_end_opacity":"100","gradient_start_opacity_hover":"100","gradient_end_opacity_hover":"100"}]]></gradient><container><![CDATA[{"container_enabled":"0","container_center_div_wrap":"0","container_width":0,"container_margin_top":0,"container_margin_right":0,"container_margin_bottom":0,"container_margin_left":0,"container_alignment":""}]]></container><advanced><![CDATA[{"important_css":"0","external_css":"0"}]]></advanced><google><![CDATA[{"gtrack_enable":"0","gtrack_cat":"MaxButtons","gtrack_action":"click","gtrack_label":"Facebook","gtrack_value":"0","gtrack_interaction":"1"}]]></google><responsive><![CDATA[{"media_query":[],"auto_responsive":0}]]></responsive><collection><social><network>facebook</network><display_count>0</display_count><count_threshold>4</count_threshold><share_url_setting>auto</share_url_setting><share_url_custom></share_url_custom><blog_url></blog_url></social></collection></maxbutton><maxbutton> <name>Round White Share Buttons - Google Plus</name><status>publish</status><basic><![CDATA[{"name":"Round White Share Buttons - Google Plus","status":"publish","description":"","url":"","new_window":0,"nofollow":0}]]></basic><dimension><![CDATA[{"button_width":40,"button_height":40}]]></dimension><text><![CDATA[{"text":"","font":"Arial","font_size":16,"text_align":"","font_style":"normal","font_weight":"normal","text_shadow_offset_left":-1,"text_shadow_offset_top":-1,"text_shadow_width":0,"padding_top":15,"padding_right":25,"padding_bottom":15,"padding_left":25,"text2":"","font2":"Arial","font_size2":16,"font_style2":"normal","font_weight2":"normal","padding_top2":15,"padding_right2":25,"padding_bottom2":15,"padding_left2":25,"text_align2":""}]]></text><color><![CDATA[{"text_color":"#ffffff","text_shadow_color":"#ffffff","gradient_start_color":"#ffffff","gradient_end_color":"#ffffff","border_color":"#b9bab6","box_shadow_color":"#333333","text_color_hover":"#ffffff","text_shadow_color_hover":"#ffffff","gradient_start_color_hover":"#ffffff","gradient_end_color_hover":"#ffffff","border_color_hover":"#b9bab6","box_shadow_color_hover":"#333333","icon_color":"#2b2b2b","icon_color_hover":"#2b2b2b"}]]></color><icon><![CDATA[{"use_fa_icon":"1","fa_icon_value":"fa-google-plus","fa_icon_size":20,"icon_url":"","icon_alt":"","icon_position":"top","icon_padding_top":11,"icon_padding_right":0,"icon_padding_bottom":0,"icon_padding_left":0}]]></icon><border><![CDATA[{"radius_top_left":20,"radius_top_right":20,"radius_bottom_left":20,"radius_bottom_right":20,"border_style":"solid","border_width":1,"box_shadow_offset_left":0,"box_shadow_offset_top":0,"box_shadow_width":2}]]></border><gradient><![CDATA[{"gradient_stop":"45","gradient_start_opacity":"100","gradient_end_opacity":"100","gradient_start_opacity_hover":"100","gradient_end_opacity_hover":"100"}]]></gradient><container><![CDATA[{"container_enabled":"0","container_center_div_wrap":"0","container_width":0,"container_margin_top":0,"container_margin_right":0,"container_margin_bottom":0,"container_margin_left":0,"container_alignment":""}]]></container><advanced><![CDATA[{"important_css":"0","external_css":"0"}]]></advanced><google><![CDATA[{"gtrack_enable":"0","gtrack_cat":"MaxButtons","gtrack_action":"click","gtrack_label":"Google Plus","gtrack_value":"0","gtrack_interaction":"1"}]]></google><responsive><![CDATA[{"media_query":[],"auto_responsive":0}]]></responsive><collection><social><network>google-plus</network><display_count>0</display_count><count_threshold>4</count_threshold><share_url_setting>auto</share_url_setting><share_url_custom></share_url_custom><blog_url></blog_url></social></collection></maxbutton><maxbutton> <name>Round White Share Buttons - LinkedIn</name><status>publish</status><basic><![CDATA[{"name":"Round White Share Buttons - LinkedIn","status":"publish","description":"","url":"","new_window":0,"nofollow":0}]]></basic><dimension><![CDATA[{"button_width":40,"button_height":40}]]></dimension><text><![CDATA[{"text":"","font":"Arial","font_size":16,"text_align":"","font_style":"normal","font_weight":"normal","text_shadow_offset_left":-1,"text_shadow_offset_top":-1,"text_shadow_width":0,"padding_top":15,"padding_right":25,"padding_bottom":15,"padding_left":25,"text2":"","font2":"Arial","font_size2":16,"font_style2":"normal","font_weight2":"normal","padding_top2":15,"padding_right2":25,"padding_bottom2":15,"padding_left2":25,"text_align2":""}]]></text><color><![CDATA[{"text_color":"#ffffff","text_shadow_color":"#ffffff","gradient_start_color":"#ffffff","gradient_end_color":"#ffffff","border_color":"#b9bab6","box_shadow_color":"#333333","text_color_hover":"#ffffff","text_shadow_color_hover":"#ffffff","gradient_start_color_hover":"#ffffff","gradient_end_color_hover":"#ffffff","border_color_hover":"#b9bab6","box_shadow_color_hover":"#333333","icon_color":"#2b2b2b","icon_color_hover":"#2b2b2b"}]]></color><icon><![CDATA[{"use_fa_icon":"1","fa_icon_value":"fa-linkedin","fa_icon_size":20,"icon_url":"","icon_alt":"","icon_position":"top","icon_padding_top":10,"icon_padding_right":0,"icon_padding_bottom":0,"icon_padding_left":0}]]></icon><border><![CDATA[{"radius_top_left":20,"radius_top_right":20,"radius_bottom_left":20,"radius_bottom_right":20,"border_style":"solid","border_width":1,"box_shadow_offset_left":0,"box_shadow_offset_top":0,"box_shadow_width":2}]]></border><gradient><![CDATA[{"gradient_stop":"45","gradient_start_opacity":"100","gradient_end_opacity":"100","gradient_start_opacity_hover":"100","gradient_end_opacity_hover":"100"}]]></gradient><container><![CDATA[{"container_enabled":"0","container_center_div_wrap":"0","container_width":0,"container_margin_top":0,"container_margin_right":0,"container_margin_bottom":0,"container_margin_left":0,"container_alignment":""}]]></container><advanced><![CDATA[{"important_css":"0","external_css":"0"}]]></advanced><google><![CDATA[{"gtrack_enable":"0","gtrack_cat":"MaxButtons","gtrack_action":"click","gtrack_label":"LinkedIn","gtrack_value":"0","gtrack_interaction":"1"}]]></google><responsive><![CDATA[{"media_query":[],"auto_responsive":0}]]></responsive><collection><social><network>linkedin</network><display_count>0</display_count><count_threshold>4</count_threshold><share_url_setting>auto</share_url_setting><share_url_custom></share_url_custom><blog_url></blog_url></social></collection></maxbutton><maxbutton> <name>Round White Share Buttons - Pinterest</name><status>publish</status><basic><![CDATA[{"name":"Round White Share Buttons - Pinterest","status":"publish","description":"","url":"","new_window":0,"nofollow":0}]]></basic><dimension><![CDATA[{"button_width":40,"button_height":40}]]></dimension><text><![CDATA[{"text":"","font":"Arial","font_size":16,"text_align":"","font_style":"normal","font_weight":"normal","text_shadow_offset_left":-1,"text_shadow_offset_top":-1,"text_shadow_width":0,"padding_top":15,"padding_right":25,"padding_bottom":15,"padding_left":25,"text2":"","font2":"Arial","font_size2":16,"font_style2":"normal","font_weight2":"normal","padding_top2":15,"padding_right2":25,"padding_bottom2":15,"padding_left2":25,"text_align2":""}]]></text><color><![CDATA[{"text_color":"#ffffff","text_shadow_color":"#ffffff","gradient_start_color":"#ffffff","gradient_end_color":"#ffffff","border_color":"#b9bab6","box_shadow_color":"#333333","text_color_hover":"#ffffff","text_shadow_color_hover":"#ffffff","gradient_start_color_hover":"#ffffff","gradient_end_color_hover":"#ffffff","border_color_hover":"#b9bab6","box_shadow_color_hover":"#333333","icon_color":"#2b2b2b","icon_color_hover":"#2b2b2b"}]]></color><icon><![CDATA[{"use_fa_icon":"1","fa_icon_value":"fa-pinterest-p","fa_icon_size":20,"icon_url":"","icon_alt":"","icon_position":"top","icon_padding_top":11,"icon_padding_right":0,"icon_padding_bottom":0,"icon_padding_left":0}]]></icon><border><![CDATA[{"radius_top_left":20,"radius_top_right":20,"radius_bottom_left":20,"radius_bottom_right":20,"border_style":"solid","border_width":1,"box_shadow_offset_left":0,"box_shadow_offset_top":0,"box_shadow_width":2}]]></border><gradient><![CDATA[{"gradient_stop":"45","gradient_start_opacity":"100","gradient_end_opacity":"100","gradient_start_opacity_hover":"100","gradient_end_opacity_hover":"100"}]]></gradient><container><![CDATA[{"container_enabled":"0","container_center_div_wrap":"0","container_width":0,"container_margin_top":0,"container_margin_right":0,"container_margin_bottom":0,"container_margin_left":0,"container_alignment":""}]]></container><advanced><![CDATA[{"important_css":"0","external_css":"0"}]]></advanced><google><![CDATA[{"gtrack_enable":"0","gtrack_cat":"MaxButtons","gtrack_action":"click","gtrack_label":"Pinterest","gtrack_value":"0","gtrack_interaction":"1"}]]></google><responsive><![CDATA[{"media_query":[],"auto_responsive":0}]]></responsive><collection><social><network>pinterest</network><display_count>0</display_count><count_threshold>4</count_threshold><share_url_setting>auto</share_url_setting><share_url_custom></share_url_custom><blog_url></blog_url></social></collection></maxbutton><maxbutton> <name>Round White Share Buttons - VK</name><status>publish</status><basic><![CDATA[{"name":"Round White Share Buttons - VK","status":"publish","description":"","url":"","new_window":0,"nofollow":0}]]></basic><dimension><![CDATA[{"button_width":40,"button_height":40}]]></dimension><text><![CDATA[{"text":"","font":"Arial","font_size":16,"text_align":"","font_style":"normal","font_weight":"normal","text_shadow_offset_left":-1,"text_shadow_offset_top":-1,"text_shadow_width":0,"padding_top":15,"padding_right":25,"padding_bottom":15,"padding_left":25,"text2":"","font2":"Arial","font_size2":16,"font_style2":"normal","font_weight2":"normal","padding_top2":15,"padding_right2":25,"padding_bottom2":15,"padding_left2":25,"text_align2":""}]]></text><color><![CDATA[{"text_color":"#ffffff","text_shadow_color":"#ffffff","gradient_start_color":"#ffffff","gradient_end_color":"#ffffff","border_color":"#b9bab6","box_shadow_color":"#333333","text_color_hover":"#ffffff","text_shadow_color_hover":"#ffffff","gradient_start_color_hover":"#ffffff","gradient_end_color_hover":"#ffffff","border_color_hover":"#b9bab6","box_shadow_color_hover":"#333333","icon_color":"#2b2b2b","icon_color_hover":"#2b2b2b"}]]></color><icon><![CDATA[{"use_fa_icon":"1","fa_icon_value":"fa-vk","fa_icon_size":20,"icon_url":"","icon_alt":"","icon_position":"top","icon_padding_top":10,"icon_padding_right":0,"icon_padding_bottom":0,"icon_padding_left":0}]]></icon><border><![CDATA[{"radius_top_left":20,"radius_top_right":20,"radius_bottom_left":20,"radius_bottom_right":20,"border_style":"solid","border_width":1,"box_shadow_offset_left":0,"box_shadow_offset_top":0,"box_shadow_width":2}]]></border><gradient><![CDATA[{"gradient_stop":"45","gradient_start_opacity":"100","gradient_end_opacity":"100","gradient_start_opacity_hover":"100","gradient_end_opacity_hover":"100"}]]></gradient><container><![CDATA[{"container_enabled":"0","container_center_div_wrap":"0","container_width":0,"container_margin_top":0,"container_margin_right":0,"container_margin_bottom":0,"container_margin_left":0,"container_alignment":""}]]></container><advanced><![CDATA[{"important_css":"0","external_css":"0"}]]></advanced><google><![CDATA[{"gtrack_enable":"0","gtrack_cat":"MaxButtons","gtrack_action":"click","gtrack_label":"VK","gtrack_value":"0","gtrack_interaction":"1"}]]></google><responsive><![CDATA[{"media_query":[],"auto_responsive":0}]]></responsive><collection><social><network>vkontakte</network><display_count>0</display_count><count_threshold>4</count_threshold><share_url_setting>auto</share_url_setting><share_url_custom></share_url_custom><blog_url></blog_url></social></collection></maxbutton><maxbutton> <name>Round White Share Buttons - StumbleUpon</name><status>publish</status><basic><![CDATA[{"name":"Round White Share Buttons - StumbleUpon","status":"publish","description":"","url":"","new_window":0,"nofollow":0}]]></basic><dimension><![CDATA[{"button_width":40,"button_height":40}]]></dimension><text><![CDATA[{"text":"","font":"Arial","font_size":16,"text_align":"","font_style":"normal","font_weight":"normal","text_shadow_offset_left":-1,"text_shadow_offset_top":-1,"text_shadow_width":0,"padding_top":15,"padding_right":25,"padding_bottom":15,"padding_left":25,"text2":"","font2":"Arial","font_size2":16,"font_style2":"normal","font_weight2":"normal","padding_top2":15,"padding_right2":25,"padding_bottom2":15,"padding_left2":25,"text_align2":""}]]></text><color><![CDATA[{"text_color":"#ffffff","text_shadow_color":"#ffffff","gradient_start_color":"#ffffff","gradient_end_color":"#ffffff","border_color":"#b9bab6","box_shadow_color":"#333333","text_color_hover":"#ffffff","text_shadow_color_hover":"#ffffff","gradient_start_color_hover":"#ffffff","gradient_end_color_hover":"#ffffff","border_color_hover":"#b9bab6","box_shadow_color_hover":"#333333","icon_color":"#2b2b2b","icon_color_hover":"#2b2b2b"}]]></color><icon><![CDATA[{"use_fa_icon":"1","fa_icon_value":"fa-stumbleupon","fa_icon_size":20,"icon_url":"","icon_alt":"","icon_position":"top","icon_padding_top":10,"icon_padding_right":0,"icon_padding_bottom":0,"icon_padding_left":0}]]></icon><border><![CDATA[{"radius_top_left":20,"radius_top_right":20,"radius_bottom_left":20,"radius_bottom_right":20,"border_style":"solid","border_width":1,"box_shadow_offset_left":0,"box_shadow_offset_top":0,"box_shadow_width":2}]]></border><gradient><![CDATA[{"gradient_stop":"45","gradient_start_opacity":"100","gradient_end_opacity":"100","gradient_start_opacity_hover":"100","gradient_end_opacity_hover":"100"}]]></gradient><container><![CDATA[{"container_enabled":"0","container_center_div_wrap":"0","container_width":0,"container_margin_top":0,"container_margin_right":0,"container_margin_bottom":0,"container_margin_left":0,"container_alignment":""}]]></container><advanced><![CDATA[{"important_css":"0","external_css":"0"}]]></advanced><google><![CDATA[{"gtrack_enable":"0","gtrack_cat":"MaxButtons","gtrack_action":"click","gtrack_label":"StumbleUpon","gtrack_value":"0","gtrack_interaction":"1"}]]></google><responsive><![CDATA[{"media_query":[],"auto_responsive":0}]]></responsive><collection><social><network>stumbleupon</network><display_count>0</display_count><count_threshold>4</count_threshold><share_url_setting>auto</share_url_setting><share_url_custom></share_url_custom><blog_url></blog_url></social></collection></maxbutton><maxbutton> <name>Round White Share Buttons - Email</name><status>publish</status><basic><![CDATA[{"name":"Round White Share Buttons - Email","status":"publish","description":"","url":"","new_window":0,"nofollow":0}]]></basic><dimension><![CDATA[{"button_width":40,"button_height":40}]]></dimension><text><![CDATA[{"text":"","font":"Arial","font_size":16,"text_align":"","font_style":"normal","font_weight":"normal","text_shadow_offset_left":-1,"text_shadow_offset_top":-1,"text_shadow_width":0,"padding_top":15,"padding_right":25,"padding_bottom":15,"padding_left":25,"text2":"","font2":"Arial","font_size2":16,"font_style2":"normal","font_weight2":"normal","padding_top2":15,"padding_right2":25,"padding_bottom2":15,"padding_left2":25,"text_align2":""}]]></text><color><![CDATA[{"text_color":"#ffffff","text_shadow_color":"#ffffff","gradient_start_color":"#ffffff","gradient_end_color":"#ffffff","border_color":"#b9bab6","box_shadow_color":"#333333","text_color_hover":"#ffffff","text_shadow_color_hover":"#ffffff","gradient_start_color_hover":"#ffffff","gradient_end_color_hover":"#ffffff","border_color_hover":"#b9bab6","box_shadow_color_hover":"#333333","icon_color":"#2b2b2b","icon_color_hover":"#2b2b2b"}]]></color><icon><![CDATA[{"use_fa_icon":"1","fa_icon_value":"fa-envelope-o","fa_icon_size":20,"icon_url":"","icon_alt":"","icon_position":"top","icon_padding_top":10,"icon_padding_right":0,"icon_padding_bottom":0,"icon_padding_left":0}]]></icon><border><![CDATA[{"radius_top_left":20,"radius_top_right":20,"radius_bottom_left":20,"radius_bottom_right":20,"border_style":"solid","border_width":1,"box_shadow_offset_left":0,"box_shadow_offset_top":0,"box_shadow_width":2}]]></border><gradient><![CDATA[{"gradient_stop":"45","gradient_start_opacity":"100","gradient_end_opacity":"100","gradient_start_opacity_hover":"100","gradient_end_opacity_hover":"100"}]]></gradient><container><![CDATA[{"container_enabled":"0","container_center_div_wrap":"0","container_width":0,"container_margin_top":0,"container_margin_right":0,"container_margin_bottom":0,"container_margin_left":0,"container_alignment":""}]]></container><advanced><![CDATA[{"important_css":"0","external_css":"0"}]]></advanced><google><![CDATA[{"gtrack_enable":"0","gtrack_cat":"MaxButtons","gtrack_action":"click","gtrack_label":"Email","gtrack_value":"0","gtrack_interaction":"1"}]]></google><responsive><![CDATA[{"media_query":[],"auto_responsive":0}]]></responsive><collection><social><network>email</network><display_count>0</display_count><count_threshold>4</count_threshold><share_url_setting>auto</share_url_setting><share_url_custom></share_url_custom><blog_url></blog_url></social></collection></maxbutton><maxbutton> <name>Round White Share Buttons - Print</name><status>publish</status><basic><![CDATA[{"name":"Round White Share Buttons - Print","status":"publish","description":"","url":"","new_window":0,"nofollow":0}]]></basic><dimension><![CDATA[{"button_width":40,"button_height":40}]]></dimension><text><![CDATA[{"text":"","font":"Arial","font_size":16,"text_align":"","font_style":"normal","font_weight":"normal","text_shadow_offset_left":-1,"text_shadow_offset_top":-1,"text_shadow_width":0,"padding_top":15,"padding_right":25,"padding_bottom":15,"padding_left":25,"text2":"","font2":"Arial","font_size2":16,"font_style2":"normal","font_weight2":"normal","padding_top2":15,"padding_right2":25,"padding_bottom2":15,"padding_left2":25,"text_align2":""}]]></text><color><![CDATA[{"text_color":"#ffffff","text_shadow_color":"#ffffff","gradient_start_color":"#ffffff","gradient_end_color":"#ffffff","border_color":"#b9bab6","box_shadow_color":"#333333","text_color_hover":"#ffffff","text_shadow_color_hover":"#ffffff","gradient_start_color_hover":"#ffffff","gradient_end_color_hover":"#ffffff","border_color_hover":"#b9bab6","box_shadow_color_hover":"#333333","icon_color":"#2b2b2b","icon_color_hover":"#2b2b2b"}]]></color><icon><![CDATA[{"use_fa_icon":"1","fa_icon_value":"fa-print","fa_icon_size":20,"icon_url":"","icon_alt":"","icon_position":"top","icon_padding_top":10,"icon_padding_right":0,"icon_padding_bottom":0,"icon_padding_left":0}]]></icon><border><![CDATA[{"radius_top_left":20,"radius_top_right":20,"radius_bottom_left":20,"radius_bottom_right":20,"border_style":"solid","border_width":1,"box_shadow_offset_left":0,"box_shadow_offset_top":0,"box_shadow_width":2}]]></border><gradient><![CDATA[{"gradient_stop":"45","gradient_start_opacity":"100","gradient_end_opacity":"100","gradient_start_opacity_hover":"100","gradient_end_opacity_hover":"100"}]]></gradient><container><![CDATA[{"container_enabled":"0","container_center_div_wrap":"0","container_width":0,"container_margin_top":0,"container_margin_right":0,"container_margin_bottom":0,"container_margin_left":0,"container_alignment":""}]]></container><advanced><![CDATA[{"important_css":"0","external_css":"0"}]]></advanced><google><![CDATA[{"gtrack_enable":"0","gtrack_cat":"MaxButtons","gtrack_action":"click","gtrack_label":"Print","gtrack_value":"0","gtrack_interaction":"1"}]]></google><responsive><![CDATA[{"media_query":[],"auto_responsive":0}]]></responsive><collection><social><network>print</network><display_count>0</display_count><count_threshold>4</count_threshold><share_url_setting>auto</share_url_setting><share_url_custom></share_url_custom><blog_url></blog_url></social></collection></maxbutton><maxbutton> <name>Round White Share Buttons - Twitter</name><status>publish</status><basic><![CDATA[{"name":"Round White Share Buttons - Twitter","status":"publish","description":"","url":"","new_window":0,"nofollow":0}]]></basic><dimension><![CDATA[{"button_width":40,"button_height":40}]]></dimension><text><![CDATA[{"text":"","font":"Arial","font_size":16,"text_align":"","font_style":"normal","font_weight":"normal","text_shadow_offset_left":-1,"text_shadow_offset_top":-1,"text_shadow_width":0,"padding_top":15,"padding_right":25,"padding_bottom":15,"padding_left":25,"text2":"","font2":"Arial","font_size2":16,"font_style2":"normal","font_weight2":"normal","padding_top2":15,"padding_right2":25,"padding_bottom2":15,"padding_left2":25,"text_align2":""}]]></text><color><![CDATA[{"text_color":"#ffffff","text_shadow_color":"#ffffff","gradient_start_color":"#ffffff","gradient_end_color":"#ffffff","border_color":"#b9bab6","box_shadow_color":"#333333","text_color_hover":"#ffffff","text_shadow_color_hover":"#ffffff","gradient_start_color_hover":"#ffffff","gradient_end_color_hover":"#ffffff","border_color_hover":"#b9bab6","box_shadow_color_hover":"#333333","icon_color":"#2b2b2b","icon_color_hover":"#2b2b2b"}]]></color><icon><![CDATA[{"use_fa_icon":"1","fa_icon_value":"fa-twitter","fa_icon_size":20,"icon_url":"","icon_alt":"","icon_position":"top","icon_padding_top":10,"icon_padding_right":0,"icon_padding_bottom":0,"icon_padding_left":0}]]></icon><border><![CDATA[{"radius_top_left":20,"radius_top_right":20,"radius_bottom_left":20,"radius_bottom_right":20,"border_style":"solid","border_width":1,"box_shadow_offset_left":0,"box_shadow_offset_top":0,"box_shadow_width":2}]]></border><gradient><![CDATA[{"gradient_stop":"45","gradient_start_opacity":"100","gradient_end_opacity":"100","gradient_start_opacity_hover":"100","gradient_end_opacity_hover":"100"}]]></gradient><container><![CDATA[{"container_enabled":"0","container_center_div_wrap":"0","container_width":0,"container_margin_top":0,"container_margin_right":0,"container_margin_bottom":0,"container_margin_left":0,"container_alignment":""}]]></container><advanced><![CDATA[{"important_css":"0","external_css":"0"}]]></advanced><google><![CDATA[{"gtrack_enable":"0","gtrack_cat":"MaxButtons","gtrack_action":"click","gtrack_label":"Twitter","gtrack_value":"0","gtrack_interaction":"1"}]]></google><responsive><![CDATA[{"media_query":[],"auto_responsive":0}]]></responsive><collection><social><network>twitter</network><display_count>0</display_count><count_threshold>4</count_threshold><share_url_setting>auto</share_url_setting><share_url_custom></share_url_custom><blog_url></blog_url></social></collection></maxbutton><maxbutton> <name>Round White Share Buttons - Reddit</name><status>publish</status><basic><![CDATA[{"name":"Round White Share Buttons - Reddit","status":"publish","description":"","url":"","new_window":0,"nofollow":0}]]></basic><dimension><![CDATA[{"button_width":40,"button_height":40}]]></dimension><text><![CDATA[{"text":"","font":"Arial","font_size":16,"text_align":"","font_style":"normal","font_weight":"normal","text_shadow_offset_left":-1,"text_shadow_offset_top":-1,"text_shadow_width":0,"padding_top":15,"padding_right":25,"padding_bottom":15,"padding_left":25,"text2":"","font2":"Arial","font_size2":16,"font_style2":"normal","font_weight2":"normal","padding_top2":15,"padding_right2":25,"padding_bottom2":15,"padding_left2":25,"text_align2":""}]]></text><color><![CDATA[{"text_color":"#ffffff","text_shadow_color":"#ffffff","gradient_start_color":"#ffffff","gradient_end_color":"#ffffff","border_color":"#b9bab6","box_shadow_color":"#333333","text_color_hover":"#ffffff","text_shadow_color_hover":"#ffffff","gradient_start_color_hover":"#ffffff","gradient_end_color_hover":"#ffffff","border_color_hover":"#b9bab6","box_shadow_color_hover":"#333333","icon_color":"#2b2b2b","icon_color_hover":"#2b2b2b"}]]></color><icon><![CDATA[{"use_fa_icon":"1","fa_icon_value":"fa-reddit","fa_icon_size":20,"icon_url":"","icon_alt":"","icon_position":"top","icon_padding_top":10,"icon_padding_right":0,"icon_padding_bottom":0,"icon_padding_left":0}]]></icon><border><![CDATA[{"radius_top_left":20,"radius_top_right":20,"radius_bottom_left":20,"radius_bottom_right":20,"border_style":"solid","border_width":1,"box_shadow_offset_left":0,"box_shadow_offset_top":0,"box_shadow_width":2}]]></border><gradient><![CDATA[{"gradient_stop":"45","gradient_start_opacity":"100","gradient_end_opacity":"100","gradient_start_opacity_hover":"100","gradient_end_opacity_hover":"100"}]]></gradient><container><![CDATA[{"container_enabled":"0","container_center_div_wrap":"0","container_width":0,"container_margin_top":0,"container_margin_right":0,"container_margin_bottom":0,"container_margin_left":0,"container_alignment":""}]]></container><advanced><![CDATA[{"important_css":"0","external_css":"0"}]]></advanced><google><![CDATA[{"gtrack_enable":"0","gtrack_cat":"MaxButtons","gtrack_action":"click","gtrack_label":"Reddit","gtrack_value":"0","gtrack_interaction":"1"}]]></google><responsive><![CDATA[{"media_query":[],"auto_responsive":0}]]></responsive><collection><social><network>reddit</network><display_count>0</display_count><count_threshold>4</count_threshold><share_url_setting>auto</share_url_setting><share_url_custom></share_url_custom><blog_url></blog_url></social></collection></maxbutton></maxbuttons>