<maxbuttons><pack name="Minimalistic Share Buttons" description="" author="" author_url="" /><maxbutton> <name>Minimalistic Share - VK</name><status>publish</status><basic><![CDATA[{"name":"Minimalistic Share - VK","status":"publish","description":"","url":"","new_window":0,"nofollow":0}]]></basic><dimension><![CDATA[{"button_width":40,"button_height":50}]]></dimension><text><![CDATA[{"text":"{c}","font":"Verdana","font_size":12,"text_align":"center","font_style":"normal","font_weight":"normal","text_shadow_offset_left":-1,"text_shadow_offset_top":-1,"text_shadow_width":0,"padding_top":4,"padding_right":0,"padding_bottom":0,"padding_left":0,"text2":"","font2":"Arial","font_size2":16,"font_style2":"normal","font_weight2":"normal","padding_top2":15,"padding_right2":25,"padding_bottom2":15,"padding_left2":25,"text_align2":""}]]></text><color><![CDATA[{"text_color":"#000000","text_shadow_color":"#000000","gradient_start_color":"#98ba40","gradient_end_color":"#618926","border_color":"#618926","box_shadow_color":"#333333","text_color_hover":"#000000","text_shadow_color_hover":"#000000","gradient_start_color_hover":"#98ba40","gradient_end_color_hover":"#618926","border_color_hover":"#618926","box_shadow_color_hover":"#333333","icon_color":"#000000","icon_color_hover":"#000000"}]]></color><icon><![CDATA[{"use_fa_icon":"1","fa_icon_value":"fa-vk","fa_icon_size":20,"icon_url":"","icon_alt":"","icon_position":"top","icon_padding_top":5,"icon_padding_right":0,"icon_padding_bottom":0,"icon_padding_left":0}]]></icon><border><![CDATA[{"radius_top_left":4,"radius_top_right":4,"radius_bottom_left":4,"radius_bottom_right":4,"border_style":"solid","border_width":0,"box_shadow_offset_left":0,"box_shadow_offset_top":0,"box_shadow_width":0}]]></border><gradient><![CDATA[{"gradient_stop":"45","gradient_start_opacity":"0","gradient_end_opacity":"0","gradient_start_opacity_hover":"0","gradient_end_opacity_hover":"0"}]]></gradient><container><![CDATA[{"container_enabled":"0","container_center_div_wrap":"0","container_width":0,"container_margin_top":0,"container_margin_right":0,"container_margin_bottom":0,"container_margin_left":0,"container_alignment":""}]]></container><advanced><![CDATA[{"important_css":"0","external_css":"0"}]]></advanced><google><![CDATA[{"gtrack_enable":"0","gtrack_cat":"MaxButtons","gtrack_action":"click","gtrack_label":"vKontakte","gtrack_value":"0","gtrack_interaction":"1"}]]></google><responsive><![CDATA[{"media_query":[],"auto_responsive":0}]]></responsive><collection><social><network>vkontakte</network><display_count>1</display_count><count_threshold>0</count_threshold><share_url_setting>auto</share_url_setting><share_url_custom></share_url_custom><blog_url></blog_url></social></collection></maxbutton><maxbutton> <name>Minimalistic Share - Reddit</name><status>publish</status><basic><![CDATA[{"name":"Minimalistic Share - Reddit","status":"publish","description":"","url":"","new_window":0,"nofollow":0}]]></basic><dimension><![CDATA[{"button_width":40,"button_height":50}]]></dimension><text><![CDATA[{"text":"{c}","font":"Verdana","font_size":12,"text_align":"center","font_style":"normal","font_weight":"normal","text_shadow_offset_left":-1,"text_shadow_offset_top":-1,"text_shadow_width":0,"padding_top":4,"padding_right":0,"padding_bottom":0,"padding_left":0,"text2":"","font2":"Arial","font_size2":16,"font_style2":"normal","font_weight2":"normal","padding_top2":15,"padding_right2":25,"padding_bottom2":15,"padding_left2":25,"text_align2":""}]]></text><color><![CDATA[{"text_color":"#000000","text_shadow_color":"#000000","gradient_start_color":"#98ba40","gradient_end_color":"#618926","border_color":"#618926","box_shadow_color":"#333333","text_color_hover":"#000000","text_shadow_color_hover":"#000000","gradient_start_color_hover":"#98ba40","gradient_end_color_hover":"#618926","border_color_hover":"#618926","box_shadow_color_hover":"#333333","icon_color":"#000000","icon_color_hover":"#000000"}]]></color><icon><![CDATA[{"use_fa_icon":"1","fa_icon_value":"fa-reddit","fa_icon_size":20,"icon_url":"","icon_alt":"","icon_position":"top","icon_padding_top":5,"icon_padding_right":0,"icon_padding_bottom":0,"icon_padding_left":0}]]></icon><border><![CDATA[{"radius_top_left":4,"radius_top_right":4,"radius_bottom_left":4,"radius_bottom_right":4,"border_style":"solid","border_width":0,"box_shadow_offset_left":0,"box_shadow_offset_top":0,"box_shadow_width":0}]]></border><gradient><![CDATA[{"gradient_stop":"45","gradient_start_opacity":"0","gradient_end_opacity":"0","gradient_start_opacity_hover":"0","gradient_end_opacity_hover":"0"}]]></gradient><container><![CDATA[{"container_enabled":"0","container_center_div_wrap":"0","container_width":0,"container_margin_top":0,"container_margin_right":0,"container_margin_bottom":0,"container_margin_left":0,"container_alignment":""}]]></container><advanced><![CDATA[{"important_css":"0","external_css":"0"}]]></advanced><google><![CDATA[{"gtrack_enable":"0","gtrack_cat":"MaxButtons","gtrack_action":"click","gtrack_label":"Reddit","gtrack_value":"0","gtrack_interaction":"1"}]]></google><responsive><![CDATA[{"media_query":[],"auto_responsive":0}]]></responsive><collection><social><network>reddit</network><display_count>1</display_count><count_threshold>0</count_threshold><share_url_setting>auto</share_url_setting><share_url_custom></share_url_custom><blog_url></blog_url></social></collection></maxbutton><maxbutton> <name>Minimalistic Share - StumbleUpon</name><status>publish</status><basic><![CDATA[{"name":"Minimalistic Share - StumbleUpon","status":"publish","description":"","url":"","new_window":0,"nofollow":0}]]></basic><dimension><![CDATA[{"button_width":40,"button_height":50}]]></dimension><text><![CDATA[{"text":"{c}","font":"Verdana","font_size":12,"text_align":"center","font_style":"normal","font_weight":"normal","text_shadow_offset_left":-1,"text_shadow_offset_top":-1,"text_shadow_width":0,"padding_top":4,"padding_right":0,"padding_bottom":0,"padding_left":0,"text2":"","font2":"Arial","font_size2":16,"font_style2":"normal","font_weight2":"normal","padding_top2":15,"padding_right2":25,"padding_bottom2":15,"padding_left2":25,"text_align2":""}]]></text><color><![CDATA[{"text_color":"#000000","text_shadow_color":"#000000","gradient_start_color":"#98ba40","gradient_end_color":"#618926","border_color":"#618926","box_shadow_color":"#333333","text_color_hover":"#000000","text_shadow_color_hover":"#000000","gradient_start_color_hover":"#98ba40","gradient_end_color_hover":"#618926","border_color_hover":"#618926","box_shadow_color_hover":"#333333","icon_color":"#000000","icon_color_hover":"#000000"}]]></color><icon><![CDATA[{"use_fa_icon":"1","fa_icon_value":"fa-stumbleupon","fa_icon_size":20,"icon_url":"","icon_alt":"","icon_position":"top","icon_padding_top":5,"icon_padding_right":0,"icon_padding_bottom":0,"icon_padding_left":0}]]></icon><border><![CDATA[{"radius_top_left":4,"radius_top_right":4,"radius_bottom_left":4,"radius_bottom_right":4,"border_style":"solid","border_width":0,"box_shadow_offset_left":0,"box_shadow_offset_top":0,"box_shadow_width":0}]]></border><gradient><![CDATA[{"gradient_stop":"45","gradient_start_opacity":"0","gradient_end_opacity":"0","gradient_start_opacity_hover":"0","gradient_end_opacity_hover":"0"}]]></gradient><container><![CDATA[{"container_enabled":"0","container_center_div_wrap":"0","container_width":0,"container_margin_top":0,"container_margin_right":0,"container_margin_bottom":0,"container_margin_left":0,"container_alignment":""}]]></container><advanced><![CDATA[{"important_css":"0","external_css":"0"}]]></advanced><google><![CDATA[{"gtrack_enable":"0","gtrack_cat":"MaxButtons","gtrack_action":"click","gtrack_label":"StumbleUpon","gtrack_value":"0","gtrack_interaction":"1"}]]></google><responsive><![CDATA[{"media_query":[],"auto_responsive":0}]]></responsive><collection><social><network>stumbleupon</network><display_count>1</display_count><count_threshold>0</count_threshold><share_url_setting>auto</share_url_setting><share_url_custom></share_url_custom><blog_url></blog_url></social></collection></maxbutton><maxbutton> <name>Minimalistic Share - Mail</name><status>publish</status><basic><![CDATA[{"name":"Minimalistic Share - Mail","status":"publish","description":"","url":"","new_window":0,"nofollow":0}]]></basic><dimension><![CDATA[{"button_width":40,"button_height":50}]]></dimension><text><![CDATA[{"text":"","font":"Verdana","font_size":12,"text_align":"center","font_style":"normal","font_weight":"normal","text_shadow_offset_left":-1,"text_shadow_offset_top":-1,"text_shadow_width":0,"padding_top":4,"padding_right":0,"padding_bottom":0,"padding_left":0,"text2":"","font2":"Arial","font_size2":16,"font_style2":"normal","font_weight2":"normal","padding_top2":15,"padding_right2":25,"padding_bottom2":15,"padding_left2":25,"text_align2":""}]]></text><color><![CDATA[{"text_color":"#000000","text_shadow_color":"#000000","gradient_start_color":"#98ba40","gradient_end_color":"#618926","border_color":"#618926","box_shadow_color":"#333333","text_color_hover":"#000000","text_shadow_color_hover":"#000000","gradient_start_color_hover":"#98ba40","gradient_end_color_hover":"#618926","border_color_hover":"#618926","box_shadow_color_hover":"#333333","icon_color":"#000000","icon_color_hover":"#000000"}]]></color><icon><![CDATA[{"use_fa_icon":"1","fa_icon_value":"fa-envelope","fa_icon_size":20,"icon_url":"","icon_alt":"","icon_position":"top","icon_padding_top":5,"icon_padding_right":0,"icon_padding_bottom":0,"icon_padding_left":0}]]></icon><border><![CDATA[{"radius_top_left":4,"radius_top_right":4,"radius_bottom_left":4,"radius_bottom_right":4,"border_style":"solid","border_width":0,"box_shadow_offset_left":0,"box_shadow_offset_top":0,"box_shadow_width":0}]]></border><gradient><![CDATA[{"gradient_stop":"45","gradient_start_opacity":"0","gradient_end_opacity":"0","gradient_start_opacity_hover":"0","gradient_end_opacity_hover":"0"}]]></gradient><container><![CDATA[{"container_enabled":"0","container_center_div_wrap":"0","container_width":0,"container_margin_top":0,"container_margin_right":0,"container_margin_bottom":0,"container_margin_left":0,"container_alignment":""}]]></container><advanced><![CDATA[{"important_css":"0","external_css":"0"}]]></advanced><google><![CDATA[{"gtrack_enable":"0","gtrack_cat":"MaxButtons","gtrack_action":"click","gtrack_label":"Mail","gtrack_value":"0","gtrack_interaction":"1"}]]></google><responsive><![CDATA[{"media_query":[],"auto_responsive":0}]]></responsive><collection><social><network>email</network><display_count>0</display_count><count_threshold>4</count_threshold><share_url_setting>auto</share_url_setting><share_url_custom></share_url_custom><blog_url></blog_url></social></collection></maxbutton><maxbutton> <name>Minimalistic Share - Print</name><status>publish</status><basic><![CDATA[{"name":"Minimalistic Share - Print","status":"publish","description":"","url":"","new_window":0,"nofollow":0}]]></basic><dimension><![CDATA[{"button_width":40,"button_height":50}]]></dimension><text><![CDATA[{"text":"","font":"Verdana","font_size":12,"text_align":"center","font_style":"normal","font_weight":"normal","text_shadow_offset_left":-1,"text_shadow_offset_top":-1,"text_shadow_width":0,"padding_top":4,"padding_right":0,"padding_bottom":0,"padding_left":0,"text2":"","font2":"Arial","font_size2":16,"font_style2":"normal","font_weight2":"normal","padding_top2":15,"padding_right2":25,"padding_bottom2":15,"padding_left2":25,"text_align2":""}]]></text><color><![CDATA[{"text_color":"#000000","text_shadow_color":"#000000","gradient_start_color":"#98ba40","gradient_end_color":"#618926","border_color":"#618926","box_shadow_color":"#333333","text_color_hover":"#000000","text_shadow_color_hover":"#000000","gradient_start_color_hover":"#98ba40","gradient_end_color_hover":"#618926","border_color_hover":"#618926","box_shadow_color_hover":"#333333","icon_color":"#000000","icon_color_hover":"#000000"}]]></color><icon><![CDATA[{"use_fa_icon":"1","fa_icon_value":"fa-print","fa_icon_size":20,"icon_url":"","icon_alt":"","icon_position":"top","icon_padding_top":5,"icon_padding_right":0,"icon_padding_bottom":0,"icon_padding_left":0}]]></icon><border><![CDATA[{"radius_top_left":4,"radius_top_right":4,"radius_bottom_left":4,"radius_bottom_right":4,"border_style":"solid","border_width":0,"box_shadow_offset_left":0,"box_shadow_offset_top":0,"box_shadow_width":0}]]></border><gradient><![CDATA[{"gradient_stop":"45","gradient_start_opacity":"0","gradient_end_opacity":"0","gradient_start_opacity_hover":"0","gradient_end_opacity_hover":"0"}]]></gradient><container><![CDATA[{"container_enabled":"0","container_center_div_wrap":"0","container_width":0,"container_margin_top":0,"container_margin_right":0,"container_margin_bottom":0,"container_margin_left":0,"container_alignment":""}]]></container><advanced><![CDATA[{"important_css":"0","external_css":"0"}]]></advanced><google><![CDATA[{"gtrack_enable":"0","gtrack_cat":"MaxButtons","gtrack_action":"click","gtrack_label":"Print","gtrack_value":"0","gtrack_interaction":"1"}]]></google><responsive><![CDATA[{"media_query":[],"auto_responsive":0}]]></responsive><collection><social><network>print</network><display_count>0</display_count><count_threshold>4</count_threshold><share_url_setting>auto</share_url_setting><share_url_custom></share_url_custom><blog_url></blog_url></social></collection></maxbutton><maxbutton> <name>Minimalistic Share - Digg</name><status>publish</status><basic><![CDATA[{"name":"Minimalistic Share - Digg","status":"publish","description":"","url":"","new_window":0,"nofollow":0}]]></basic><dimension><![CDATA[{"button_width":40,"button_height":50}]]></dimension><text><![CDATA[{"text":"{c}","font":"Verdana","font_size":12,"text_align":"center","font_style":"normal","font_weight":"normal","text_shadow_offset_left":-1,"text_shadow_offset_top":-1,"text_shadow_width":0,"padding_top":4,"padding_right":0,"padding_bottom":0,"padding_left":0,"text2":"","font2":"Arial","font_size2":16,"font_style2":"normal","font_weight2":"normal","padding_top2":15,"padding_right2":25,"padding_bottom2":15,"padding_left2":25,"text_align2":""}]]></text><color><![CDATA[{"text_color":"#000000","text_shadow_color":"#000000","gradient_start_color":"#98ba40","gradient_end_color":"#618926","border_color":"#618926","box_shadow_color":"#333333","text_color_hover":"#000000","text_shadow_color_hover":"#000000","gradient_start_color_hover":"#98ba40","gradient_end_color_hover":"#618926","border_color_hover":"#618926","box_shadow_color_hover":"#333333","icon_color":"#000000","icon_color_hover":"#000000"}]]></color><icon><![CDATA[{"use_fa_icon":"1","fa_icon_value":"fa-digg","fa_icon_size":20,"icon_url":"","icon_alt":"","icon_position":"top","icon_padding_top":5,"icon_padding_right":0,"icon_padding_bottom":0,"icon_padding_left":0}]]></icon><border><![CDATA[{"radius_top_left":4,"radius_top_right":4,"radius_bottom_left":4,"radius_bottom_right":4,"border_style":"solid","border_width":0,"box_shadow_offset_left":0,"box_shadow_offset_top":0,"box_shadow_width":0}]]></border><gradient><![CDATA[{"gradient_stop":"45","gradient_start_opacity":"0","gradient_end_opacity":"0","gradient_start_opacity_hover":"0","gradient_end_opacity_hover":"0"}]]></gradient><container><![CDATA[{"container_enabled":"0","container_center_div_wrap":"0","container_width":0,"container_margin_top":0,"container_margin_right":0,"container_margin_bottom":0,"container_margin_left":0,"container_alignment":""}]]></container><advanced><![CDATA[{"important_css":"0","external_css":"0"}]]></advanced><google><![CDATA[{"gtrack_enable":"0","gtrack_cat":"MaxButtons","gtrack_action":"click","gtrack_label":"Digg","gtrack_value":"0","gtrack_interaction":"1"}]]></google><responsive><![CDATA[{"media_query":[],"auto_responsive":0}]]></responsive><collection><social><network>digg</network><display_count>0</display_count><count_threshold>4</count_threshold><share_url_setting>auto</share_url_setting><share_url_custom></share_url_custom><blog_url></blog_url></social></collection></maxbutton><maxbutton> <name>Minimalistic Share - Google Plus</name><status>publish</status><basic><![CDATA[{"name":"Minimalistic Share - Google Plus","status":"publish","description":"","url":"","new_window":0,"nofollow":0}]]></basic><dimension><![CDATA[{"button_width":40,"button_height":50}]]></dimension><text><![CDATA[{"text":"{c}","font":"Verdana","font_size":12,"text_align":"center","font_style":"normal","font_weight":"normal","text_shadow_offset_left":-1,"text_shadow_offset_top":-1,"text_shadow_width":0,"padding_top":4,"padding_right":0,"padding_bottom":0,"padding_left":0,"text2":"","font2":"Arial","font_size2":16,"font_style2":"normal","font_weight2":"normal","padding_top2":15,"padding_right2":25,"padding_bottom2":15,"padding_left2":25,"text_align2":""}]]></text><color><![CDATA[{"text_color":"#000000","text_shadow_color":"#000000","gradient_start_color":"#98ba40","gradient_end_color":"#618926","border_color":"#618926","box_shadow_color":"#333333","text_color_hover":"#000000","text_shadow_color_hover":"#000000","gradient_start_color_hover":"#98ba40","gradient_end_color_hover":"#618926","border_color_hover":"#618926","box_shadow_color_hover":"#333333","icon_color":"#000000","icon_color_hover":"#000000"}]]></color><icon><![CDATA[{"use_fa_icon":"1","fa_icon_value":"fa-google-plus","fa_icon_size":20,"icon_url":"","icon_alt":"","icon_position":"top","icon_padding_top":5,"icon_padding_right":0,"icon_padding_bottom":0,"icon_padding_left":0}]]></icon><border><![CDATA[{"radius_top_left":4,"radius_top_right":4,"radius_bottom_left":4,"radius_bottom_right":4,"border_style":"solid","border_width":0,"box_shadow_offset_left":0,"box_shadow_offset_top":0,"box_shadow_width":0}]]></border><gradient><![CDATA[{"gradient_stop":"45","gradient_start_opacity":"0","gradient_end_opacity":"0","gradient_start_opacity_hover":"0","gradient_end_opacity_hover":"0"}]]></gradient><container><![CDATA[{"container_enabled":"0","container_center_div_wrap":"0","container_width":0,"container_margin_top":0,"container_margin_right":0,"container_margin_bottom":0,"container_margin_left":0,"container_alignment":""}]]></container><advanced><![CDATA[{"important_css":"0","external_css":"0"}]]></advanced><google><![CDATA[{"gtrack_enable":"0","gtrack_cat":"MaxButtons","gtrack_action":"click","gtrack_label":"Google Plus","gtrack_value":"0","gtrack_interaction":"1"}]]></google><responsive><![CDATA[{"media_query":[],"auto_responsive":0}]]></responsive><collection><social><network>google-plus</network><display_count>1</display_count><count_threshold>0</count_threshold><share_url_setting>auto</share_url_setting><share_url_custom></share_url_custom><blog_url></blog_url></social></collection></maxbutton><maxbutton> <name>Minimalistic Share - Pinterest</name><status>publish</status><basic><![CDATA[{"name":"Minimalistic Share - Pinterest","status":"publish","description":"","url":"","new_window":0,"nofollow":0}]]></basic><dimension><![CDATA[{"button_width":40,"button_height":50}]]></dimension><text><![CDATA[{"text":"{c}","font":"Verdana","font_size":12,"text_align":"center","font_style":"normal","font_weight":"normal","text_shadow_offset_left":-1,"text_shadow_offset_top":-1,"text_shadow_width":0,"padding_top":4,"padding_right":0,"padding_bottom":0,"padding_left":0,"text2":"","font2":"Arial","font_size2":16,"font_style2":"normal","font_weight2":"normal","padding_top2":15,"padding_right2":25,"padding_bottom2":15,"padding_left2":25,"text_align2":""}]]></text><color><![CDATA[{"text_color":"#000000","text_shadow_color":"#000000","gradient_start_color":"#98ba40","gradient_end_color":"#618926","border_color":"#618926","box_shadow_color":"#333333","text_color_hover":"#000000","text_shadow_color_hover":"#000000","gradient_start_color_hover":"#98ba40","gradient_end_color_hover":"#618926","border_color_hover":"#618926","box_shadow_color_hover":"#333333","icon_color":"#000000","icon_color_hover":"#000000"}]]></color><icon><![CDATA[{"use_fa_icon":"1","fa_icon_value":"fa-pinterest-p","fa_icon_size":20,"icon_url":"","icon_alt":"","icon_position":"top","icon_padding_top":5,"icon_padding_right":0,"icon_padding_bottom":0,"icon_padding_left":0}]]></icon><border><![CDATA[{"radius_top_left":4,"radius_top_right":4,"radius_bottom_left":4,"radius_bottom_right":4,"border_style":"solid","border_width":0,"box_shadow_offset_left":0,"box_shadow_offset_top":0,"box_shadow_width":0}]]></border><gradient><![CDATA[{"gradient_stop":"45","gradient_start_opacity":"0","gradient_end_opacity":"0","gradient_start_opacity_hover":"0","gradient_end_opacity_hover":"0"}]]></gradient><container><![CDATA[{"container_enabled":"0","container_center_div_wrap":"0","container_width":0,"container_margin_top":0,"container_margin_right":0,"container_margin_bottom":0,"container_margin_left":0,"container_alignment":""}]]></container><advanced><![CDATA[{"important_css":"0","external_css":"0"}]]></advanced><google><![CDATA[{"gtrack_enable":"0","gtrack_cat":"MaxButtons","gtrack_action":"click","gtrack_label":"Pinterest","gtrack_value":"0","gtrack_interaction":"1"}]]></google><responsive><![CDATA[{"media_query":[],"auto_responsive":0}]]></responsive><collection><social><network>pinterest</network><display_count>1</display_count><count_threshold>0</count_threshold><share_url_setting>auto</share_url_setting><share_url_custom></share_url_custom><blog_url></blog_url></social></collection></maxbutton><maxbutton> <name>Minimalistic Share - Twitter</name><status>publish</status><basic><![CDATA[{"name":"Minimalistic Share - Twitter","status":"publish","description":"","url":"","new_window":0,"nofollow":0}]]></basic><dimension><![CDATA[{"button_width":40,"button_height":50}]]></dimension><text><![CDATA[{"text":"{c}","font":"Verdana","font_size":12,"text_align":"center","font_style":"normal","font_weight":"normal","text_shadow_offset_left":-1,"text_shadow_offset_top":-1,"text_shadow_width":0,"padding_top":4,"padding_right":0,"padding_bottom":0,"padding_left":0,"text2":"","font2":"Arial","font_size2":16,"font_style2":"normal","font_weight2":"normal","padding_top2":15,"padding_right2":25,"padding_bottom2":15,"padding_left2":25,"text_align2":""}]]></text><color><![CDATA[{"text_color":"#000000","text_shadow_color":"#000000","gradient_start_color":"#98ba40","gradient_end_color":"#618926","border_color":"#618926","box_shadow_color":"#333333","text_color_hover":"#000000","text_shadow_color_hover":"#000000","gradient_start_color_hover":"#98ba40","gradient_end_color_hover":"#618926","border_color_hover":"#618926","box_shadow_color_hover":"#333333","icon_color":"#000000","icon_color_hover":"#000000"}]]></color><icon><![CDATA[{"use_fa_icon":"1","fa_icon_value":"fa-twitter","fa_icon_size":20,"icon_url":"","icon_alt":"","icon_position":"top","icon_padding_top":5,"icon_padding_right":0,"icon_padding_bottom":0,"icon_padding_left":0}]]></icon><border><![CDATA[{"radius_top_left":4,"radius_top_right":4,"radius_bottom_left":4,"radius_bottom_right":4,"border_style":"solid","border_width":0,"box_shadow_offset_left":0,"box_shadow_offset_top":0,"box_shadow_width":0}]]></border><gradient><![CDATA[{"gradient_stop":"45","gradient_start_opacity":"0","gradient_end_opacity":"0","gradient_start_opacity_hover":"0","gradient_end_opacity_hover":"0"}]]></gradient><container><![CDATA[{"container_enabled":"0","container_center_div_wrap":"0","container_width":0,"container_margin_top":0,"container_margin_right":0,"container_margin_bottom":0,"container_margin_left":0,"container_alignment":""}]]></container><advanced><![CDATA[{"important_css":"0","external_css":"0"}]]></advanced><google><![CDATA[{"gtrack_enable":"0","gtrack_cat":"MaxButtons","gtrack_action":"click","gtrack_label":"Twitter","gtrack_value":"0","gtrack_interaction":"1"}]]></google><responsive><![CDATA[{"media_query":[],"auto_responsive":0}]]></responsive><collection><social><network>twitter</network><display_count>1</display_count><count_threshold>0</count_threshold><share_url_setting>auto</share_url_setting><share_url_custom></share_url_custom><blog_url></blog_url></social></collection></maxbutton><maxbutton> <name>Minimalistic Share - LinkedIn</name><status>publish</status><basic><![CDATA[{"name":"Minimalistic Share - LinkedIn","status":"publish","description":"","url":"","new_window":0,"nofollow":0}]]></basic><dimension><![CDATA[{"button_width":40,"button_height":50}]]></dimension><text><![CDATA[{"text":"{c}","font":"Verdana","font_size":12,"text_align":"center","font_style":"normal","font_weight":"normal","text_shadow_offset_left":-1,"text_shadow_offset_top":-1,"text_shadow_width":0,"padding_top":4,"padding_right":0,"padding_bottom":0,"padding_left":0,"text2":"","font2":"Arial","font_size2":16,"font_style2":"normal","font_weight2":"normal","padding_top2":15,"padding_right2":25,"padding_bottom2":15,"padding_left2":25,"text_align2":""}]]></text><color><![CDATA[{"text_color":"#000000","text_shadow_color":"#000000","gradient_start_color":"#98ba40","gradient_end_color":"#618926","border_color":"#618926","box_shadow_color":"#333333","text_color_hover":"#000000","text_shadow_color_hover":"#000000","gradient_start_color_hover":"#98ba40","gradient_end_color_hover":"#618926","border_color_hover":"#618926","box_shadow_color_hover":"#333333","icon_color":"#000000","icon_color_hover":"#000000"}]]></color><icon><![CDATA[{"use_fa_icon":"1","fa_icon_value":"fa-linkedin","fa_icon_size":20,"icon_url":"","icon_alt":"","icon_position":"top","icon_padding_top":5,"icon_padding_right":0,"icon_padding_bottom":0,"icon_padding_left":0}]]></icon><border><![CDATA[{"radius_top_left":4,"radius_top_right":4,"radius_bottom_left":4,"radius_bottom_right":4,"border_style":"solid","border_width":0,"box_shadow_offset_left":0,"box_shadow_offset_top":0,"box_shadow_width":0}]]></border><gradient><![CDATA[{"gradient_stop":"45","gradient_start_opacity":"0","gradient_end_opacity":"0","gradient_start_opacity_hover":"0","gradient_end_opacity_hover":"0"}]]></gradient><container><![CDATA[{"container_enabled":"0","container_center_div_wrap":"0","container_width":0,"container_margin_top":0,"container_margin_right":0,"container_margin_bottom":0,"container_margin_left":0,"container_alignment":""}]]></container><advanced><![CDATA[{"important_css":"0","external_css":"0"}]]></advanced><google><![CDATA[{"gtrack_enable":"0","gtrack_cat":"MaxButtons","gtrack_action":"click","gtrack_label":"LinkedIn","gtrack_value":"0","gtrack_interaction":"1"}]]></google><responsive><![CDATA[{"media_query":[],"auto_responsive":0}]]></responsive><collection><social><network>linkedin</network><display_count>1</display_count><count_threshold>0</count_threshold><share_url_setting>auto</share_url_setting><share_url_custom></share_url_custom><blog_url></blog_url></social></collection></maxbutton><maxbutton> <name>Minimalistic Share - Facebook</name><status>publish</status><basic><![CDATA[{"name":"Minimalistic Share - Facebook","status":"publish","description":"","url":"","new_window":0,"nofollow":0}]]></basic><dimension><![CDATA[{"button_width":40,"button_height":50}]]></dimension><text><![CDATA[{"text":"{c}","font":"Verdana","font_size":12,"text_align":"center","font_style":"normal","font_weight":"normal","text_shadow_offset_left":-1,"text_shadow_offset_top":-1,"text_shadow_width":0,"padding_top":4,"padding_right":0,"padding_bottom":0,"padding_left":0,"text2":"","font2":"Arial","font_size2":16,"font_style2":"normal","font_weight2":"normal","padding_top2":15,"padding_right2":25,"padding_bottom2":15,"padding_left2":25,"text_align2":""}]]></text><color><![CDATA[{"text_color":"#000000","text_shadow_color":"#000000","gradient_start_color":"#98ba40","gradient_end_color":"#618926","border_color":"#618926","box_shadow_color":"#333333","text_color_hover":"#000000","text_shadow_color_hover":"#000000","gradient_start_color_hover":"#98ba40","gradient_end_color_hover":"#618926","border_color_hover":"#618926","box_shadow_color_hover":"#333333","icon_color":"#000000","icon_color_hover":"#000000"}]]></color><icon><![CDATA[{"use_fa_icon":"1","fa_icon_value":"fa-facebook-f","fa_icon_size":20,"icon_url":"","icon_alt":"","icon_position":"top","icon_padding_top":5,"icon_padding_right":0,"icon_padding_bottom":0,"icon_padding_left":0}]]></icon><border><![CDATA[{"radius_top_left":4,"radius_top_right":4,"radius_bottom_left":4,"radius_bottom_right":4,"border_style":"solid","border_width":0,"box_shadow_offset_left":0,"box_shadow_offset_top":0,"box_shadow_width":0}]]></border><gradient><![CDATA[{"gradient_stop":"45","gradient_start_opacity":"0","gradient_end_opacity":"0","gradient_start_opacity_hover":"0","gradient_end_opacity_hover":"0"}]]></gradient><container><![CDATA[{"container_enabled":"0","container_center_div_wrap":"0","container_width":0,"container_margin_top":0,"container_margin_right":0,"container_margin_bottom":0,"container_margin_left":0,"container_alignment":""}]]></container><advanced><![CDATA[{"important_css":"0","external_css":"0"}]]></advanced><google><![CDATA[{"gtrack_enable":"0","gtrack_cat":"MaxButtons","gtrack_action":"click","gtrack_label":"Facebook","gtrack_value":"0","gtrack_interaction":"1"}]]></google><responsive><![CDATA[{"media_query":[],"auto_responsive":0}]]></responsive><collection><social><network>facebook</network><display_count>1</display_count><count_threshold>0</count_threshold><share_url_setting>auto</share_url_setting><share_url_custom></share_url_custom><blog_url></blog_url></social></collection></maxbutton><maxbutton> <name>Minimalistic Share - Bloglovin</name><status>publish</status><basic><![CDATA[{"name":"Minimalistic Share - Bloglovin","status":"publish","description":"","url":"","new_window":0,"nofollow":0}]]></basic><dimension><![CDATA[{"button_width":40,"button_height":50}]]></dimension><text><![CDATA[{"text":"{c}","font":"Verdana","font_size":12,"text_align":"center","font_style":"normal","font_weight":"normal","text_shadow_offset_left":-1,"text_shadow_offset_top":-1,"text_shadow_width":0,"padding_top":4,"padding_right":0,"padding_bottom":0,"padding_left":0,"text2":"","font2":"Arial","font_size2":16,"font_style2":"normal","font_weight2":"normal","padding_top2":15,"padding_right2":25,"padding_bottom2":15,"padding_left2":25,"text_align2":""}]]></text><color><![CDATA[{"text_color":"#000000","text_shadow_color":"#000000","gradient_start_color":"#98ba40","gradient_end_color":"#618926","border_color":"#618926","box_shadow_color":"#333333","text_color_hover":"#000000","text_shadow_color_hover":"#000000","gradient_start_color_hover":"#98ba40","gradient_end_color_hover":"#618926","border_color_hover":"#618926","box_shadow_color_hover":"#333333","icon_color":"#000000","icon_color_hover":"#000000"}]]></color><icon><![CDATA[{"use_fa_icon":0,"fa_icon_value":"fa-vk","fa_icon_size":20,"icon_url":"box-128-e1445212802773.png","icon_alt":"","icon_position":"top","icon_padding_top":5,"icon_padding_right":0,"icon_padding_bottom":0,"icon_padding_left":0}]]></icon><border><![CDATA[{"radius_top_left":4,"radius_top_right":4,"radius_bottom_left":4,"radius_bottom_right":4,"border_style":"solid","border_width":0,"box_shadow_offset_left":0,"box_shadow_offset_top":0,"box_shadow_width":0}]]></border><gradient><![CDATA[{"gradient_stop":"45","gradient_start_opacity":"0","gradient_end_opacity":"0","gradient_start_opacity_hover":"0","gradient_end_opacity_hover":"0"}]]></gradient><container><![CDATA[{"container_enabled":"0","container_center_div_wrap":"0","container_width":0,"container_margin_top":0,"container_margin_right":0,"container_margin_bottom":0,"container_margin_left":0,"container_alignment":""}]]></container><advanced><![CDATA[{"important_css":"0","external_css":"0"}]]></advanced><google><![CDATA[{"gtrack_enable":"0","gtrack_cat":"MaxButtons","gtrack_action":"click","gtrack_label":"Bloglovin","gtrack_value":"0","gtrack_interaction":"1"}]]></google><responsive><![CDATA[{"media_query":[],"auto_responsive":0}]]></responsive><collection><social><network>bloglovin</network><display_count>0</display_count><count_threshold>4</count_threshold><share_url_setting>auto</share_url_setting><share_url_custom></share_url_custom><blog_url></blog_url></social></collection></maxbutton></maxbuttons>